id,post_id,symptom,start_index,end_index,extraction_confidence,created_at
b1111111-1111-4111-8111-111111111111,11111111-1111-4111-8111-111111111111,ubo,4,7,0.95,2026-03-05T02:12:00Z
b2222222-2222-4222-8222-222222222222,11111111-1111-4111-8111-111111111111,lagnat,27,33,0.89,2026-03-05T02:12:00Z
b3333333-3333-4333-8333-333333333333,22222222-2222-4222-8222-222222222222,dry cough,0,9,0.92,2026-03-05T02:12:00Z
b4444444-4444-4444-8444-444444444444,22222222-2222-4222-8222-222222222222,chest pain,14,24,0.87,2026-03-05T02:12:00Z
b5555555-5555-4555-8555-555555555555,33333333-3333-4333-8333-333333333333,lagnat,0,6,0.93,2026-03-05T02:12:00Z
b6666666-6666-4666-8666-666666666666,44444444-4444-4444-8444-444444444444,persistent cough,9,25,0.90,2026-03-05T02:12:00Z
b7777777-7777-4777-8777-777777777777,55555555-5555-4555-8555-555555555555,shortness of breath,0,19,0.91,2026-03-05T02:12:00Z
b8888888-8888-4888-8888-888888888888,55555555-5555-4555-8555-555555555555,high fever,24,34,0.88,2026-03-05T02:12:00Z
b9999999-9999-4999-8999-999999999999,77777777-7777-4777-8777-777777777777,cough,0,5,0.84,2026-03-05T02:12:00Z
