"created_at","text","id"
"Thu May 22 23:59:45 +0000 2025","Dimples Romana really gave justice sa pag-portray bilang ina nung Maguad siblings, sobrang galing kase kitang-kita yung mga emosyon ng isang ina na nawalan ng mga anak — yung galit, yung sakit, yung gigil, and even yung pagsisisi rin na iniwan niya sila nung araw na iyon :(((","tweet-1925703159839621432"
"Thu May 22 23:59:38 +0000 2025","Hate na hate ko makarinig ng ai talaga.  Pero tong fam ko puro ai naman pinapakinggan. Sakit sa ulo. 😣","tweet-1925703128038400207"
"Thu May 22 23:59:27 +0000 2025","Lagi sakit gini bawaan nya pengen mati","tweet-1925703081079029922"
"Thu May 22 23:59:15 +0000 2025","Cek reply nya, sorry ya, gk ush ngerasa user Twitter itu paling bermoral &amp; pinter, kalian itu cuma berisik aja dan sakit jiwa, mental maling di normalisasi 🤣. Ini user2 Twitter banyak yg middle low blm dpt kesempatan korup kali y? Kl ada kesempatan jg mrk jabanin kyk nya.","tweet-1925703030948684194"
"Thu May 22 23:59:09 +0000 2025","Kalian gatau gmn aku dan perasaanku milih jalan ini, aku cm gamau salah pilih orang yang berujung aku rusak dan menderita nantinya. 

Kalopun yg kupilih ini benar, aku sendiri yg nanggung berat2nya. Sakit kali kurasa, jd jgn desak apapun dan tolong cukup didoakan aja","tweet-1925703006273626449"
"Thu May 22 23:58:50 +0000 2025","super sakit ng ulo ko 😭😭😭","tweet-1925702927139623105"
"Thu May 22 23:58:37 +0000 2025","@afrizalns_ itu video yg kedua pasti sakit bgt wkwk","tweet-1925702871648989371"
"Thu May 22 23:58:29 +0000 2025","hampir semua pandemic &amp; masalah kesehatan dia biarin aja loh sampe jadi wabah. orang kesehatan sampe kewalahan. padahal esensi dia punya kuasa bukan semata mata sakit jadi cuan, kecuali emang dia diperintahkan pemerintah skrg untuk bikin orang sakit biar jadi cuan. satanisme itu","tweet-1925702841227682261"
"Thu May 22 23:58:21 +0000 2025","wala nang lagnat 🤩🤩🤩","tweet-1925702805932662912"
"Thu May 22 23:58:00 +0000 2025","tolooong sakit kepalaa","tweet-1925702720029073741"
"Thu May 22 23:57:56 +0000 2025","@neVerAl0nely Sakit jiwa nih..","tweet-1925702702438199439"
"Thu May 22 23:57:51 +0000 2025","babi pala gue sakit lagi 😔😔😔","tweet-1925702679092686979"
"Thu May 22 23:57:42 +0000 2025","yawa sakit ng mata ko namamaga sa kakaiyak ko sa exo kagabi, bwiset na tiktok yan","tweet-1925702643902451924"
"Thu May 22 23:57:26 +0000 2025","halos 4 hrs lang ang tulog, grabe ba? sakit sa ulo with matching hilo pa 😭","tweet-1925702577116647803"
"Thu May 22 23:57:20 +0000 2025","Sakit na sa likooooood","tweet-1925702549392302215"
"Thu May 22 23:57:15 +0000 2025","@athaamuzh_ @RFritzy_JKT48 Sakit jantung mungkin","tweet-1925702528131269109"
"Thu May 22 23:57:01 +0000 2025","pagi pagi uda sakit dada kaya digebuk bug","tweet-1925702468840645023"
"Thu May 22 23:56:56 +0000 2025","eh apaan nanya² gugel gemini disuruh ke ugd jir ndik siap kena mamai (blom lapor samsek kalau sakit)😭😭","tweet-1925702450436046945"
"Thu May 22 23:56:50 +0000 2025","sakit sa mata ng “didn’t came”","tweet-1925702425442168977"
"Thu May 22 23:56:40 +0000 2025","Kayaknya akun ku udah parah bgt sakit nya, pasrah aja deh, aku ikut GA di beberapa tempat jg pasti g keliatan thread ku, cuma mau nyelesaiin GA yg aku ikutin, ntah bakal ke hitung atau g😮‍💨mungkin blm rezekiku😞stlh itu mau rest dulu dr akun ini 😞🙏","tweet-1925702384270872766"
"Tue Apr 22 23:59:22 +0000 2025","sakit ko na talaga to HAHAHAHAHAH","tweet-1914831426010112461"
"Tue Apr 22 23:59:22 +0000 2025","@whydonustay Kudu bayar asuransi rumah sakit dulu biar sembuh 😭","tweet-1914831425918120026"
"Tue Apr 22 23:59:21 +0000 2025","@shazeeiza Kalau minum kopi bikin sakit perut, mending nggaa usah","tweet-1914831421237289206"
"Tue Apr 22 23:59:19 +0000 2025","@PensilAajaib Lebih deg degan jantungnya saat terima amplop telegram..
MENINGGAL?
SAKIT PARAH?
KECELAKAAN?
KIRIM UANG SEGERA?🤣🤣🤣🤣🤣","tweet-1914831414115352917"
"Tue Apr 22 23:58:54 +0000 2025","Ciput premium beneran mantul gak bikin sakit kuping😂","tweet-1914831310331502689"
"Tue Apr 22 23:58:52 +0000 2025","@love3ffect Coba di bawa istirahat dulu.. kalau emang udah ngerasa parah sampai sakit better check ke dokter deh","tweet-1914831298260095460"
"Tue Apr 22 23:58:34 +0000 2025","@convomf Gamau ngehujat sender krn pernah di posisi yg sama. Nder, gaboleh gt lagi ya? Don’t invest your feelings TOO MUCH on someone. Cintai secukupnya, bergantung sewajarnya. Lebih sakit kehilangan diri sendiri drpd laki-laki. You’re worth.","tweet-1914831224734187636"
"Tue Apr 22 23:58:30 +0000 2025","@cmsukaicel gw lg sakit jo","tweet-1914831209575981404"
"Tue Apr 22 23:58:30 +0000 2025","kaget 😆 baru pagi udah rapor merah banget ini, emang sedang tidak baik-baik saja ternyata 🤣harus izin sakit hari ini daripada nanti tumbang 😅 https://t.co/DQsnnRblFH","tweet-1914831206631530934"
"Tue Apr 22 23:58:18 +0000 2025","Keren bgt buat ibu2 dehhhh. Apalagi ibu hamil yg tiap pagi kudu ngerasain mual muntah. Aku aja yg muntah2 tiap mens udah ngerasa “anjirr udah sakit perut kudu muntah2 oge”","tweet-1914831157566550252"
"Tue Apr 22 23:58:08 +0000 2025","@scallfaro AKHIRNYA 😭 ga sakit lg akun ini","tweet-1914831115187315045"
"Tue Apr 22 23:58:01 +0000 2025","dagu gua iritasi sakit bet","tweet-1914831087748178019"
"Tue Apr 22 23:57:56 +0000 2025","gue ngeluh sakit dan pegel pegel dari smlm krn gue cm bisa di kasur gabisa ngapa ngapain suntuk, bnrn sakit unbearable 

lalu pagi ini mungkin keluhan gue didengar ya d4r4h di infus gue bececeran di kasur di celana di bed cover trs gue diharuskan ganti itu semua sendiri 😀😀😀","tweet-1914831067363901459"
"Tue Apr 22 23:57:39 +0000 2025","@areichandesu_ sakit bgt ya itu ma kak","tweet-1914830994139701525"
"Tue Apr 22 23:57:39 +0000 2025","Tiap dengerin lagu Mangu masih sakit ajaa wkwkwk","tweet-1914830993418273106"
"Tue Apr 22 23:57:36 +0000 2025","gak mood kerja sakit bgt perutku lagi haid arghhh mau bobokkkk 😭😭😭🫠🫠🫠😔","tweet-1914830981674229791"
"Tue Apr 22 23:57:22 +0000 2025","@ajunvkyu Km sakit apaa","tweet-1914830921720860803"
"Tue Apr 22 23:57:16 +0000 2025","ini kebanyakan ketawa rahang gua sakit bngt","tweet-1914830898467627316"
"Tue Apr 22 23:57:07 +0000 2025","Gak lagi sedih ataupun sakit hati, tapi cuma pengen repost. Buat temen-temen semangat menjalani kehidupan yaa! You're great, biidznillah 👍👌 
Niatkan segalanya untuk beribadah hanya kepada Allah 💖🌷","tweet-1914830857933873493"
"Tue Apr 22 23:56:56 +0000 2025","Gak pernah nyangka bakal ngerasain bulak balik ugd rumah sakit","tweet-1914830812144656456"
"Sat Jun 21 23:59:50 +0000 2025","Tiap malem nangis karna ada aja yg sakit, tulangku sampe sekarang masih sakit semua😭, gpp still lov u ayang.","tweet-1936574814170517681"
"Sat Jun 21 23:59:48 +0000 2025","@SB19MemeVice @SB19Official Wala po ata sa bokabularyo nila ang hindi masyado nakapagperform dahil may sakit o pagod! Ganyan po sila ka professional! Pagaling po!

SB19 UNLEASHED IN TAIWAN
@SB19Official
#SB19atHitoPop2025","tweet-1936574808294375746"
"Sat Jun 21 23:59:47 +0000 2025","@ody_odyaja Asli buat tetangga yg sekompleks perumahan ama si sender pliss, kalian muncul bkin kesaksian jga biar itu anak dan menantu di penjara, gilakk loh dibiarin sakit smpe meninggal sendirian dibiarin berhari-hari anjing, tuh anak bedua hrs dipenjara anjg, penelantaran ini aplgi sampe-","tweet-1936574804674703589"
"Sat Jun 21 23:59:47 +0000 2025","aguii haha sakit ng song","tweet-1936574802820771868"
"Sat Jun 21 23:59:39 +0000 2025","ini tenggorokan sakit bgt rasanya kaya kebakar","tweet-1936574769924833573"
"Sat Jun 21 23:59:36 +0000 2025","@kompascom Pasti ada akun ternak abah yang kepanasan &amp; sakit hati 😁😁😁","tweet-1936574755521638709"
"Sat Jun 21 23:59:34 +0000 2025","@vikririzk @ody_odyaja Wow mending coba rasain ditelantarin anak dengan diusir keluar rumah dari jam 5 pagi sampe jam 11 siang ga dikasih makan dan ga diurus saat sakit selama 3 hari kak","tweet-1936574747451731983"
"Sat Jun 21 23:59:20 +0000 2025","idup random bgt, tbtb sakit gigi","tweet-1936574691063611685"
"Sat Jun 21 23:58:55 +0000 2025","@DokterTifa Yg sakit itu kau dokter tipu😂🤣","tweet-1936574583861350838"
"Sat Jun 21 23:58:54 +0000 2025","@panggilajanakyy EH ITU SAKIT BGTTT PLS","tweet-1936574581432836252"
"Sat Jun 21 23:58:33 +0000 2025","@MUSIKMENFESS Kenriz - sakit hati
https://t.co/yVLS61hEME","tweet-1936574492157104128"
"Sat Jun 21 23:58:29 +0000 2025","ang sakit ng katawan ko pero all worth it. 
good morning to my jaywon ❤️✨

#WALK_THE_LINE_IN_BANGKOK 
#정원 #제이 #JUNGWON #JAY #JAYWON
#ジョンウォン #エンハイプン 
#ENHYPEN #엔하이픈 https://t.co/wkPmcaVApb","tweet-1936574477007261881"
"Sat Jun 21 23:58:17 +0000 2025","@STresnowati1 Jk ybs dianggap org yg sakit jiwa (ODGJ), mk para pengikut, buzxer dan pembelanya apapun latar belakangnya, mulai akademisi, profesional, politikus,  pengusaha, pekerja, wiraswasta, pelajar/mahasiswa termasuk pengangguran disebut  apa yah ? Apkh disbt org yg tak punya jiwa ?","tweet-1936574423903211804"
"Sat Jun 21 23:58:15 +0000 2025","@jhonsitorus_19 rencana tt pratikn dibuat sakit dilarikan ke luneg berobat 4 bulan saja sdh hilang kasus ijsh https://t.co/neqc5ckqTs","tweet-1936574418379296916"
"Sat Jun 21 23:58:15 +0000 2025","Hindi excuse ang sakit or sunod sunod na ganap sa SB19. Halimaw sa performance pa din 

@SB19Official 
#SB19","tweet-1936574418060472451"
"Sat Jun 21 23:58:07 +0000 2025","@elxxioooow @darksidesoflife @whoopziiy Karena fansnya Fuji ini pada sakit. Gabisa liat artis lain yg jauh lebih bagus kalo disamping Fuji. Liat aja tiap Fuji bareng artis/seleb cewe. Pasti langsung dibandingin. Belum lagi yg mendewakan dia kalo apa² viral karena dia.","tweet-1936574383369445689"
"Sat Jun 21 23:58:04 +0000 2025","@Hairyu3 @Hairyu3 wahh ikutan sakit 
Cepat baik yaa akunnya","tweet-1936574370119553088"
"Sat Jun 21 23:57:50 +0000 2025","@vikririzk @_myaanos @ody_odyaja Namanya juga ibadah ka pasti menguji kita, ngurus orang tua sakit pake hati nurani dan ksih sayang emang harus naif kalo pake logika susah ap aja diperhitungkan bgni.","tweet-1936574312171049220"
"Sat Jun 21 23:57:39 +0000 2025","Selamat Pagi Indonesia
Selamat Warga X

Selamat Hari Minggu

Yang Sakit Segera Pulih","tweet-1936574267023556840"
"Sat Jun 21 23:57:34 +0000 2025","Fansnya gunung itu emg pantatnya sakit krn liat mrk bahagia.

Aku ngikutin dr papanya tiba² meninggal, cerai, nikah lagi, ibu baru dipenjara.

Kekkkkk knp sih skrng dia mau bahagia aja hrs menghadapi orgil² pecinta gunung","tweet-1936574246744146138"
"Tue Apr 22 23:56:54 +0000 2025","@lenteqra duh sakit betul itu pasti","tweet-1914830803902840934"
"Tue Apr 22 23:56:53 +0000 2025","Semoga gaikutan sakit karna orang orang rumah pada sakit :(","tweet-1914830799171674125"
"Tue Apr 22 23:56:49 +0000 2025","cara ngatasin nyeri pas haid gimana bjil, sakit bgt","tweet-1914830782759363066"
"Tue Apr 22 23:56:46 +0000 2025","2. Mengatasi Nyeri (Analgesik)

Rebusan daun ini sering digunakan untuk meredakan nyeri, baik nyeri otot maupun sakit kepala. Kandungan analgesiknya membantu mengurangi rasa sakit secara alami.","tweet-1914830769924788388"
"Tue Apr 22 23:56:44 +0000 2025","gakuat sakit kepala 😭😭😭😭😭😭😭😭","tweet-1914830764082127027"
"Tue Apr 22 23:56:40 +0000 2025","@suffikamari @anwaribrahim Sakit ke nuar https://t.co/PXajkgPDmM","tweet-1914830747363631168"
"Tue Apr 22 23:56:37 +0000 2025","@Oliviaselalu ingat waktu sakit aja","tweet-1914830734155792809"
"Tue Apr 22 23:56:34 +0000 2025","damn….sakit bgt kocak","tweet-1914830723456098745"
"Tue Apr 22 23:56:33 +0000 2025","kepala dah sakit pening bgt tp mata gamau tidur tuh harus digimanain ini semaleman blm tidur samsek 😭😭","tweet-1914830718917861728"
"Tue Apr 22 23:56:11 +0000 2025","lego udah was was biair smyle ga jatoh, eh malah beneran jatoh😭😭😭 itu pasti sakit bangett, kasiaaaann tapi kayak kok bisa😭😭 https://t.co/dJCyaXNJEZ","tweet-1914830626764808496"
"Tue Apr 22 23:56:02 +0000 2025","hayop may sakit pa nga","tweet-1914830589263532153"
"Tue Apr 22 23:55:52 +0000 2025","Gini Jogj
Saya kan sakit, mau pake BPJS
Msh worth it ga?
Atau emank cuma sebatas BPJS?

Saya bingung harus memulai dari mana
Yg ngobatin jg sama2 sakitnya🥺","tweet-1914830545151820094"
"Tue Apr 22 23:55:52 +0000 2025","Patah hati karna pertemanan tu sumpah sakit banget gais, ga boong. Soalnya lu gabisa nge-confront dia dan gabisa juga maksain temen untuk tetep jadi temen lu, so sad to letting go but mau gimana lagi kannn","tweet-1914830543579132034"
"Tue Apr 22 23:55:49 +0000 2025","Just woke up, sakit ulo😭🥹

#IloiloCity https://t.co/52MA9DSBsx","tweet-1914830532841758893"
"Tue Apr 22 23:55:42 +0000 2025","@gcitars mungkin kenyataan yg lebih sakit","tweet-1914830505406853380"
"Tue Apr 22 23:55:36 +0000 2025","lg sakit gaenak bgt🥹","tweet-1914830480110760078"
"Tue Apr 22 23:55:15 +0000 2025","@katakataipa jangan sampai dah sakit lagi","tweet-1914830390659047721"
"Tue Apr 22 23:55:10 +0000 2025","SAKIT BGT PERUTKU YA ALLAHHHHHH https://t.co/aMZKENKUJ7","tweet-1914830370534777322"
"Tue Apr 22 23:54:55 +0000 2025","kalo lg sakit doang wkwkwkwkwk","tweet-1914830305166549374"
"Tue Apr 22 23:54:39 +0000 2025","part ygtb bener bener sakit banget nontonnya🫂","tweet-1914830238074462376"
"Thu May 22 23:56:25 +0000 2025","@JonathanRi32936 @kegblgnunfaedh Ada.

Dlm islam ada dalilnya.

org iman yg meninggal krn sakit perut mati syahid.

Sakit perut disini bermacam2 salah satunya ya maag, asam lambung n semacamnya.","tweet-1925702321192714320"
"Thu May 22 23:55:48 +0000 2025","@gildoura kirain sinetron kisah cinta yg ringan² aja karena posternya full bunga anjir lah ternyata film menguji mental, yg maen sakit mental yg nnton kena mental asw 😭😭","tweet-1925702164220895377"
"Thu May 22 23:55:37 +0000 2025","putangina sobrang sakit ng ulo ko","tweet-1925702118846959680"
"Thu May 22 23:55:15 +0000 2025","@wooniverzs sumpah sakit hati bgt bacanya","tweet-1925702026492535211"
"Thu May 22 23:54:54 +0000 2025","@eskikoenaktau__ malingnya mau sakit tapi ketawa","tweet-1925701936768004399"
"Thu May 22 23:54:52 +0000 2025","sakit ng kamao ko potek","tweet-1925701929595740400"
"Thu May 22 23:54:25 +0000 2025","hindi ko hilig mag ill wish pero tangina sana magkaroon ka nang malubhang sakit yung tipong gugustuhin mo nalang na mamatay ka!","tweet-1925701815460339904"
"Thu May 22 23:54:24 +0000 2025","Pagi-pagi adaa aja.
Aku jadi harus jalan kaki ke rumah, ya cuma 250 meter sih, tapi keadaan dengkulku sakit bgt. Soalnya halaman warungnya tuh pake plester 💔
Aku pake celana jeans aja, dengkulku masih lecet 🥲","tweet-1925701814235648320"
"Thu May 22 23:54:17 +0000 2025","@kittyshabrina @jjaehyunniz Fetish, sakit jiwa, gak ada otak, gak pernah nyentuh dunia luar... Smooth brain gitu aja sih","tweet-1925701780777660569"
"Thu May 22 23:54:06 +0000 2025","@neVerAl0nely Astagfirullah...
Udah pada sakit ini orang-orang jaman sekarang ..

Semoga lekas ditangkap pelakunya.. 
Kasih salam olahraga dulu, sebelum dikebiri..

🙃🙃🙃","tweet-1925701736481563121"
"Thu May 22 23:53:53 +0000 2025","@hawtyy_ Sakit banget ya 🥹","tweet-1925701680886055032"
"Thu May 22 23:53:50 +0000 2025","Sakit ang pagiging DDS","tweet-1925701671180501347"
"Thu May 22 23:53:42 +0000 2025","udah paling bener dengerin wali aja lah anjir persetan kband gue ingat mati ingat sakit ingatlah saat kau sulit aja + gitarisnya KIAI","tweet-1925701636917186731"
"Thu May 22 23:53:40 +0000 2025","@raaasyyel @haewookfocus sakit jiwa ni orang","tweet-1925701628109156731"
"Thu May 22 23:53:34 +0000 2025","Kalian pernah gak udah siap² mau berangkat tiba-tiba sakit perut","tweet-1925701603652235672"
"Thu May 22 23:53:33 +0000 2025","@PondaXi @Lanautica_OFC @N_IntanJKT48 Miminnya sakit hati kayanya sama Lana 😭","tweet-1925701599600492803"
"Thu May 22 23:53:31 +0000 2025","@falenasarshtat5 Sakit dan sedih","tweet-1925701588439486754"
"Thu May 22 23:53:23 +0000 2025","sakit kepala internal x eksternal 💋","tweet-1925701557657411643"
"Thu May 22 23:53:23 +0000 2025","@berniekurniawan Gua jg lg di posisi ini, bokap sakit stlah gua nikah. Predicted? Nope

Sblm nikah bokap sehat2 aja dan masi ngajar di kampus.

Pusing? MEMANG tapi it is what it is, nama nya juga hidup 🤣","tweet-1925701557435215915"
"Thu May 22 23:53:18 +0000 2025","@flnive_ Sakit banget jar","tweet-1925701536216203648"
"Sat Jun 21 23:57:31 +0000 2025","Haii im bavlck!!!!
Setelah menghilang beberapa karna sakit","tweet-1936574232827498934"
"Sat Jun 21 23:57:25 +0000 2025","Gw kalo sakit biasa memeluk agama aja","tweet-1936574205421908322"
"Sat Jun 21 23:57:12 +0000 2025","masih sakit","tweet-1936574151327650298"
"Sat Jun 21 23:57:06 +0000 2025","makin sakit bgt","tweet-1936574128955461842"
"Sat Jun 21 23:57:04 +0000 2025","@eraldmenises not for long walks. sakit sa tiil","tweet-1936574117874155627"
"Sat Jun 21 23:57:00 +0000 2025","Seorang wanita jual kuih kecil-kecilan, sambil jaga mak ayah sakit. Hari-hari baca Surah Al-Waqiah. Tak pernah putus rezeki, walau tak kaya. Itu barakah.","tweet-1936574101864255510"
"Sat Jun 21 23:56:37 +0000 2025","@UmarHasibuan__ Ikut2 an cikgu yang dulu pura2 sakit sampai hayatnya ngga bisa diperiksa.","tweet-1936574007534645504"
"Sat Jun 21 23:56:25 +0000 2025","moots maaf pagi"" , aku boleh minta tolong tag akunku bantu hijauin akunku sakit😭 makasih yaaa https://t.co/AfzCFSX6yI","tweet-1936573956200550649"
"Sat Jun 21 23:56:24 +0000 2025","@papuamuslim08 Kata dr tifa, ini gejala autoimun, jika menyerang ada stadium IV atau V, maka seluruh organ tubuh akan melemah, gejala ini merupakan jenis gangguan kesehatan berat, harus segera diobati di rumah sakit terbaik di dunia.","tweet-1936573950525596077"
"Sat Jun 21 23:56:21 +0000 2025","perutku sakit bngtt pls","tweet-1936573938152403161"
"Sat Jun 21 23:56:06 +0000 2025","Sa dami daming pwedeng bumalik yung sakit pa","tweet-1936573875338510838"
"Sat Jun 21 23:55:49 +0000 2025","@untitled246 semoga yang sakit disembuhkan","tweet-1936573804115099899"
"Sat Jun 21 23:55:48 +0000 2025","@kompascom Hey kompas bilangin ke pak Jokowi suruh fokus Ama sakit nya dulu.. gak usah pencitraan terus..","tweet-1936573798465286360"
"Sat Jun 21 23:55:36 +0000 2025","'Kerja tertekan sampai sakit'

#BHHiburan Wani Kayrie kurang rehat, jadual seni padat selalu.

https://t.co/IkzODDextr","tweet-1936573749211639957"
"Sat Jun 21 23:55:34 +0000 2025","@OktavianusYahy1 @jokowi Dah banyak sakit nya skrg ngak kau lihat ke rumah nya di solo...??","tweet-1936573743167598601"
"Sat Jun 21 23:55:16 +0000 2025","@cloudppw aku kangen dia ya? iya kali ya? dulu kalo mimpiin dia pasti dia nya lagi sakit, tapi kali ini udah beda cerita kayaknya 😮‍💨 too much ga ya, kalo nanyain kabar?","tweet-1936573665036079350"
"Sat Jun 21 23:54:56 +0000 2025","Mau misa jam 7 pagi, udah bangun jam setengah 6, mandi, dandan, nyiapin tas. Perut melilit parah dari bangun tidur tapi pas mandi aku coba pup gak bisa sama sekali. 

Pas mau berangkat malah tambah sakit dan akhirnya pup dong, di JAM 06.45, dan sampai sekarang BELUM KELAR 😭","tweet-1936573583494730213"
"Sat Jun 21 23:54:45 +0000 2025","ndak mungkin bs lari aku, tete ku lg sakit bgt bgt bgt","tweet-1936573536057119004"
"Sat Jun 21 23:54:43 +0000 2025","umagang kay sakit &lt;/3","tweet-1936573528847094085"
"Sat Jun 21 23:54:30 +0000 2025","@allabout_iyal Nder, aku tau ini serem. Tapi klo nolak hati2 ya, jaman skrg org pada gpnya akal sehat. Klo sakit hati takutnya dia makin nekat. Sehat2 yaw ibu dan keluarga km","tweet-1936573474723745956"
"Tue Apr 22 23:54:32 +0000 2025","@Granny5441 @pusholder @kimbasinger18 aku responnya, makasih sayang😅 jalang di pelacur? Ada bisa jantung sakit nenek 😰 wk","tweet-1914830210236658131"
"Tue Apr 22 23:54:32 +0000 2025","sakit katawan ko pota","tweet-1914830208215265604"
"Tue Apr 22 23:53:57 +0000 2025","@Kayoungly Kaya juga kamu bisa menyediakan rumah sakit","tweet-1914830064207978663"
"Tue Apr 22 23:53:48 +0000 2025","dikira keren kali ya bawa bawa mati, kagak anjing, sakit lu","tweet-1914830024441823269"
"Tue Apr 22 23:53:45 +0000 2025","@tanyarlfes Semoga hiunya gak sakit perut makan penjahat","tweet-1914830013813445062"
"Tue Apr 22 23:53:41 +0000 2025","@Defa4ut @theaseanball Kami tertawa bukan sakit hati🤣","tweet-1914829995580776852"
"Tue Apr 22 23:52:55 +0000 2025","@edoamu Udah sakit paket komplit sih namanya 😁","tweet-1914829801556467750"
"Tue Apr 22 23:52:54 +0000 2025","ih anjing gue sakit hati baca qrt nya... temen temen maafin ya 😭 sumpah bahkan aslinya the whole myday udah beneran ga ada tenaga buat jump in fandom atau idol lain, bukan ga peduli, tapi karena kita bener-bener drained banget ngejar refund mecim... 😭","tweet-1914829798091956683"
"Tue Apr 22 23:52:48 +0000 2025","@manikam_qalbu kalau gini bukan kaki sakit, tongkat tu yg sakit.","tweet-1914829772221489309"
"Tue Apr 22 23:52:44 +0000 2025","@IstDien TERIMA KASIH YA NICHO t____t bingung banget, sakit mulu akunku padahal ngga ngapa-ngapain…","tweet-1914829755591090336"
"Tue Apr 22 23:52:36 +0000 2025","@NenkMonica @unilubis @jokowi Teman2 mbak Uni juga pada stop deh meliput kegiatan dia. Bikin sakit mata aja","tweet-1914829723408220491"
"Tue Apr 22 23:52:35 +0000 2025","cok sakit bgt... gua udah mnum ibuprofen 3bijj masi ttepbsakit..","tweet-1914829717045436450"
"Tue Apr 22 23:52:20 +0000 2025","Dengn membuat post seperti ini, kamu sudah membuat banyak muslimah lain sakit hati dan malah menjauh dari agama. Pikirkan apakah buahnya itu pahala atau dosa jariyah, dan apakah itu bermanfaat untuk dunia dan akhiratmu? Semoga Allah memberi hidayah buatmu dan teman-teman lainnya.","tweet-1914829656886534424"
"Tue Apr 22 23:52:19 +0000 2025","Kayaknya sakit bener tuh jatuhnya 😅","tweet-1914829652045988301"
"Tue Apr 22 23:52:02 +0000 2025","Baru tahu sakit rupanya cucuk epidural. 😢","tweet-1914829578981482861"
"Tue Apr 22 23:51:57 +0000 2025","https://t.co/AUMfIKgp5p","tweet-1914829559826145584"
"Tue Apr 22 23:51:53 +0000 2025","aku sakit karena kesal sama SM aneh GK si ? 
muak bngt serius.","tweet-1914829544139416044"
"Tue Apr 22 23:51:48 +0000 2025","Sakit coy, dr kemarin marin pdhl mau libur jualan.
Tapi gue tahan-tahanin.

Eh puncaknya tadi malam KO nya 😭👍🏻","tweet-1914829521339191709"
"Tue Apr 22 23:51:37 +0000 2025","Hirap na hirap na ko sa sipon ko pls lang!!! Tuyo pa sya so di ako makahinga lalo pag nakahiga, ano mulat 24/7?!? 😔","tweet-1914829477387100548"
"Tue Apr 22 23:51:21 +0000 2025","@hyeyozn Kesayangan kakak juga gak? 🥺 #SIKAP bener kakak tetep prioritas nomor satu dia yaa customer mah nanti aja. Iya kan kayaknya aku gak bisa kalau gak bawa lippie deh.. takut keliatan kayak orang sakit 😭🙌🏻 Kak ini relay maze kak.. aku mending tidur aja ya kaaak 😭😭😭","tweet-1914829408587931778"
"Thu May 22 23:53:17 +0000 2025","@Bibuverse Aku pake Q-life, suka ada di indoapril. Aku pasang 2 depan belakang. Tp jangan langsung ke kulit. Lumayan ngeredain sakit.","tweet-1925701531912855791"
"Thu May 22 23:53:14 +0000 2025","@ttbozu8 itu yang suntikan ketiga kah bang, lupa. kayaknya yang ketiga itu aku engga deh, pas sakit jadinya gak berani.. untung saja","tweet-1925701520386851090"
"Thu May 22 23:53:12 +0000 2025","@FadlyRezza888 Sakit banget sih ini","tweet-1925701512186978321"
"Thu May 22 23:53:12 +0000 2025","sakit ha","tweet-1925701510949745048"
"Thu May 22 23:52:56 +0000 2025","Anak² kerja keras banget apalagi setiap mau cb, sampe sakit 🥺 cepet sehat ya no 🤧🤧 sehat² semuaaa","tweet-1925701442674790581"
"Thu May 22 23:52:34 +0000 2025","@tanyakanrl Jujur ikut sakit hati pas baca kata2 ayahmu sepasrah itu gara2 kelakuanmu sbg anak ga bijak.","tweet-1925701350010097946"
"Thu May 22 23:52:11 +0000 2025","@nosan1tysane @budakgiunk_ @izaenn_ Tapi mayoritas penghuni surga juga cewe. Kalo ttg agama ga bs dr satu sisi. Spt meninggal jumat bagus, Nabi ga meninggal jumat. Sakaratul maut spt tidur, tidak sakit berarti baik, Nabi sakaratul mautnya sakit. Apa kmd nabi ga baik? Lebih ke utamakan tindakan masing2 aja sih.","tweet-1925701252601544974"
"Thu May 22 23:52:08 +0000 2025","Susah dengan barisan sakit hati, dikasih bukti A minta B, dikasih B, minta C… terus weh gth….","tweet-1925701241532719128"
"Thu May 22 23:52:02 +0000 2025","pagi kak Open joki tugas,realtime ujian atau quiz bisa dm / wa ke @NUGASAMBIS
 
- Akuntansi 
- Manajemen Keuangan
- MSDM
- keuangan bisnis
- Manajemen Operasional 
- Export Import
- Finance 
- Audit 
- Pajak, Brevet
- Manajemen S2
- manajemen rumah sakit","tweet-1925701217751015503"
"Thu May 22 23:51:54 +0000 2025","Arab Saudi sediakan unit dialisis di Madinah bagi jemaah sakit buah pinggang

#BHdunia Ia bertujuan menyokong keperluan kesihatan jemaah sambil mengambil kira pergerakan dan jadual ibadah mereka sepanjang musim haji

https://t.co/tcP2EZewlR","tweet-1925701183869436337"
"Thu May 22 23:51:33 +0000 2025","@setnugsempra Astaghfirullah sakit jiwa bener ini","tweet-1925701094631448860"
"Thu May 22 23:51:31 +0000 2025","Make sense ke bangun tido sakit kepala ya allah korang 😭😭","tweet-1925701084938485805"
"Thu May 22 23:51:17 +0000 2025","@flipboogers Kak midnight sky emang se sakit itu 😭","tweet-1925701026918580565"
"Thu May 22 23:50:54 +0000 2025","@kiinarchives sejujurnya sakit bgt hati gw anj kin kek udh pernah pisah dan diterpa badai pas mau balikan harus ada badai lagi mana gede bgt lagi dan mohan setelah smua perjuangan raisa ke lu awas lu ya kalo perjuangan lu ga setimpal anjir sinetron horror sepanjang masa cuk ini 😭😭","tweet-1925700931099713859"
"Thu May 22 23:50:51 +0000 2025","@anakAyamdoc Sakit apa lo!","tweet-1925700918806290704"
"Thu May 22 23:50:48 +0000 2025","@boysoftheyear @idextratime @goal Kalo yg cech &amp; ashley masih sakit ati 😂😂😂","tweet-1925700908085559662"
"Thu May 22 23:50:47 +0000 2025","@xuanmeyy Betuul, aku ga sakit hati bgt dm eror soalnya gak ada yang dm tapi kalo tl eror aku sakit hati dan galau 🤣🤣","tweet-1925700902968512848"
"Thu May 22 23:50:44 +0000 2025","@_0rder BISA GAK SIH ANJIR SUMBANG LEMAK? AKU BUTUH PLIS 😭
Sehabis sakit aku beratnya belum naik plis. Stuck di 33. I'm STRESSIN. 

MAKASIH! SEMANGAT JUGA KAMU ZAE!","tweet-1925700889576182076"
"Thu May 22 23:50:43 +0000 2025","@yourladyroseee gpp eat aja selagi bisa, klo ngga eat malah sakit nanti","tweet-1925700885889315088"
"Thu May 22 23:50:20 +0000 2025","tutorial bb turun 4 kg dlm 6 hari adalah sakit tipes
53-49 testimoni by me","tweet-1925700789105750380"
"Sat Jun 21 23:54:29 +0000 2025","@keluargahani Aku loh udah pernah buat status sakit apa 🙄","tweet-1936573467555762384"
"Sat Jun 21 23:54:22 +0000 2025","@tanyakanrl Sakit kok obatnya liat tt😂😂","tweet-1936573441798488389"
"Sat Jun 21 23:54:19 +0000 2025","HOSHI HOSHI HOSHI YA ALLAH SAKIT 😭😭😭😭😭😭😭","tweet-1936573425168130051"
"Sat Jun 21 23:53:18 +0000 2025","@CakKhum W buka pendukung Jokowi ya, malah w gak suka banget Ama dia. Tapi kalau sakit begitu doain yg baik aja,, liat komenan orang suka miris banget.","tweet-1936573172700397956"
"Sat Jun 21 23:53:15 +0000 2025","@martabak_k42505 Sakit apa lho che?","tweet-1936573158154481973"
"Sat Jun 21 23:53:15 +0000 2025","@tanyakanrl bucin boleh tapi goblok jangan anjiirr kek ORANG SAKIT TUH ISTIRAHAT BUKAN NGEMIS SEJAMAN BUAT DAPET PAP TETE alian cowok lu sagapung anjiirrr. putusin lah kocak, emang cowok dia doang??? mau jodoh lu modelan begitu yang jelas"" baru pacaran berani minta gituan + plavic?? RUN!!!","tweet-1936573158104138084"
"Sat Jun 21 23:52:58 +0000 2025","@tanyakanrl Ujian mau nikah kamu keraguan itu ya Nder..
Beda sama kami, diuji lewat keluarga yg sakit tiba2, ekonomi agak menurun. 
Yg namanya petunjuk itu akhlak dia kasar, selingkuh dan jauh dr Allah.
Kalau dikau milih Cowo B berarti itu petunjuk buat cowo kamu kalau kamu bkn yg terbaik","tweet-1936573086788456767"
"Sat Jun 21 23:52:24 +0000 2025","Gila sakit bgtt","tweet-1936572944777613778"
"Sat Jun 21 23:52:23 +0000 2025","@ggonebeen Next di rumah sakit ya...","tweet-1936572939354403117"
"Sat Jun 21 23:51:53 +0000 2025","sakit ng tiyan","tweet-1936572812967448824"
"Sat Jun 21 23:51:44 +0000 2025","Ucapan pertama pas tau bapakku sakit parah. 

""ROKOK TEROSSS""","tweet-1936572775575257101"
"Sat Jun 21 23:51:39 +0000 2025","@amer7211 @anwaribrahim @rafiziramli Kihkihkih. X sakit pun. Walaun ke walanon ke kalau perlu kita balun. Takde kepentingan pun. Kahkahkah","tweet-1936572755304206687"
"Sat Jun 21 23:51:14 +0000 2025","@chevreusx @whoopziiy Ya bebas sih tapi menurut gue anak gundik harus ngerasain rasa sakit yg anak kandung rasain plus ga berhak dapet fasilitas dari bapak org lain makanya biasanya anak gundik ya jadi gundik lagi","tweet-1936572652975800430"
"Sat Jun 21 23:51:11 +0000 2025","@Jemsbray @ccmh_comics @DestianRasyiidi kayaknya lu yang sakit, berobat dulu 🤣","tweet-1936572638278918497"
"Sat Jun 21 23:51:00 +0000 2025","@keluargahani Ya, nyatanya sakit itu sembuhnya lama Hani gak secepat itu recoverynya","tweet-1936572592661647744"
"Sat Jun 21 23:50:56 +0000 2025","sakit perut banget jir pagi nya","tweet-1936572574533857298"
"Sat Jun 21 23:50:24 +0000 2025","@starkumen @etherealiiv Wahhh anjim dahlah gaperlu diliat forum bangsul itu wkwkwk bikin sakit hati aja.","tweet-1936572442144915486"
"Sat Jun 21 23:50:20 +0000 2025","sorry ya moots ga up up progress...... ak gi sakit pls (tumbang setelah 1 semester ga pernah izin sakit 😊😊)","tweet-1936572425564766382"
"Sat Jun 21 23:50:20 +0000 2025","betapa sakit hatinya gue kmrn ngebakar skembox anyinggf marah banget gua jarus nguli arte childe lagi","tweet-1936572423824109884"
"Sat Jun 21 23:50:14 +0000 2025","Mending terkekang dilungkungan yang sok agamis dari pada di lingkungan yang ga tau diri dan adab ternyata. Gue mau merit. Imunitas turun, banyak pikiran, tiba tiba plan finansial kacau gara gara sakit, mati matian irit, malah pada minta duit sama minjem duit. Ah tai lah","tweet-1936572401363665052"
"Tue Apr 22 23:51:18 +0000 2025","pagi rek takok dong kalean lek sakit gigi sembuhe berapa kali minum obat e -rek","tweet-1914829395929469304"
"Tue Apr 22 23:51:18 +0000 2025","kenapa sih tiap bulan harus ngerasain sakit perut","tweet-1914829395203907783"
"Tue Apr 22 23:51:11 +0000 2025","Akhirnya semalem w bisa tidur jam 2 lewat karena minum obat (krn lagi sakit juga)🥲","tweet-1914829368821735660"
"Tue Apr 22 23:51:01 +0000 2025","Gilaaaa aku ingatkan aku 5 kali ulang alik toilet dari semalam sebab terlajak makan ke apa time jamuan raya semalam haa rupanya memang semua orang sakit perut kdgdjdgshshshsv RIP","tweet-1914829324475310150"
"Tue Apr 22 23:50:59 +0000 2025","sakit kepala sgat smlm. Lepas makan terus tidur awal pastu 6.45am baru bangun😂. terlajak.","tweet-1914829316376170504"
"Tue Apr 22 23:50:49 +0000 2025","Sakit hati bgt w sm shuttle itb hr ni😔💔","tweet-1914829273841713600"
"Tue Apr 22 23:50:37 +0000 2025","padahal nih ya, denial tuh ga bikin lu merubah yg lu mau

menunda sakit yg ada","tweet-1914829225238077682"
"Tue Apr 22 23:50:34 +0000 2025","Kok mimpinya berasa sakit banget yaaa... Takut. Aku mimpi gigi aku copottt, habis dari gigi copot masa aku langsung mimpiin tiba tiba lagi di Dufan naik ferris wheel. Eh habis itu ganti scene aku lagi makan kebab 😭😭😭","tweet-1914829210507780339"
"Tue Apr 22 23:50:26 +0000 2025","buatlah tanpa aku rasa sakit","tweet-1914829179004293482"
"Tue Apr 22 23:50:25 +0000 2025","Halo! Untuk izin ke bos tanpa disindir, coba langkah ini: 1. Beri tahu secepat mungkin, misal pagi sebelum kerja. 2. Gunakan pesan singkat dan sopan, seperti “Saya sedang demam dan perlu izin sakit hari ini, rencana besok kembali.” 3. Tawarkan tetap tersedia untuk urusan mendesak via email/telfon. 4. Cek kebijakan perusahaan, mungkin perlu surat dokter. Contoh pesan: “Selamat pagi [Nama Bos], saya sedang demam dan perlu izin sakit hari ini. Saya rencanakan kembali besok dan bisa dihubungi jika ada urusan mendesak. Terima kasih atas pengertiannya.” Tetap sopan dan profesional, ini bisa kurangi risiko disindir. Semoga cepat sembuh!","tweet-1914829175724335311"
"Tue Apr 22 23:50:25 +0000 2025","sakit hati","tweet-1914829174675820779"
"Tue Apr 22 23:50:07 +0000 2025","@KIMW0NPlL ASLI SEDIH BGT pdhl aku bukan yg beli tiket atau refund di mecima tp ikut sakit hati temen temen dikatain kyk gitu gara gara satu orang😭","tweet-1914829097475432567"
"Tue Apr 22 23:49:55 +0000 2025","ADUH ANY SAKIT GIGI😭","tweet-1914829045994545411"
"Tue Apr 22 23:49:38 +0000 2025","@Nindimarina Haha yang sakit siapa yang tiduran malah temen ya_i","tweet-1914828976192938263"
"Tue Apr 22 23:49:35 +0000 2025","@CakKhum Suryo panci napi hoax...nanti jadi tersangka pura pura sakit lagi..lehernya patah disangga...asu tenan","tweet-1914828965224784050"
"Tue Apr 22 23:49:30 +0000 2025","https://t.co/TuwKaCSQ33","tweet-1914828941829005607"
"Tue Apr 22 23:49:26 +0000 2025","@Kayoungly wkwkwk panik ya meng nya babu nya sakit","tweet-1914828927325114854"
"Tue Apr 22 23:49:22 +0000 2025","selamat pagi, 

dari aku yang sakit badan karena push up 200x waktu model reveal","tweet-1914828911286083762"
"Tue Apr 22 23:49:21 +0000 2025","Hidup ini jika tanpa sakit kita takkan belajar jadi kuat. Tanpa rasa kecewa, kita tidak akan jadi dewasa. Tanpa kehilangan kita takkan tahu apa itu keikhlasan. Perkara yang baik melatih kita bersyukur dan yg tak baik melatih  kita untuk bersabar. 🤍","tweet-1914828904621334944"
"Tue Apr 22 23:49:15 +0000 2025","@jhenrih @democrazymedia Kalo sakit hati berarti normal. Kalo yg masih senang2 joged2 padahal hukum dibelokkan didepan mata, dan masih ngerasa fine2 aja, berarti ada yg salah sama prinsip idup lu.","tweet-1914828880864796937"
"Thu May 22 23:50:19 +0000 2025","satu dua kali masih gue diemin karena siang even gue lg sakit gigi, ini sekarang pagi, maksud bgt bikin gue kesel","tweet-1925700783997141456"
"Thu May 22 23:49:49 +0000 2025","wong gendeng. kursi kelas ekonimi yang biasa aja punggung gue sakit","tweet-1925700657866011019"
"Thu May 22 23:49:48 +0000 2025","umur 22 yang didapet cuman sakit punggung sama sakit hati doang tiap hari. lo semua bisanya nyakitin gua doang anjing, gaada baik2nya lo semua manusia sama gua ya. bangsattt","tweet-1925700655185899669"
"Thu May 22 23:49:36 +0000 2025","@ggukmanggae @jjkpjm1358 @jikookaahhhh @helikanotes @Snstwthmysnshn @PeachyMoCheee @seokch1m_ @jmnmuse_ @Rjane0316 @googistarcandy Sumakses na tayo Ma! Inom ka na gamot para mawala na sakit","tweet-1925700602702479725"
"Thu May 22 23:48:59 +0000 2025","keujanan basah kuyup+kena ac central, gabolee sakit gabole sakitt😗🤏","tweet-1925700451002945900"
"Thu May 22 23:48:45 +0000 2025","Yall i’m struggling, jenis yang cannot have wfh sakit woo","tweet-1925700392240750807"
"Thu May 22 23:48:43 +0000 2025","kalo seandainya gue izin sakit padahal cuma pengen tidur aja bisa ga si? WKWKWKWK","tweet-1925700381738217643"
"Thu May 22 23:48:41 +0000 2025","@kegblgnunfaedh 🥀🥀🥀🥀🥀

Thats why gue kalo sakit bawel banget ke temen2 biar kalo kenapa2 atau gue gada kabar mereka ngecekin gue ke kosan 🥲🙏
Bawel dalam arti disini chat aja kaya ""aduh gue xxxx deh, obatnya apa ya?""","tweet-1925700375044067805"
"Thu May 22 23:48:36 +0000 2025","@twirqly sakit jir tidak berpericustomeran","tweet-1925700351279161749"
"Thu May 22 23:48:28 +0000 2025","@The_RedsIndo Karena sakit sampe Ulu hati,mending di forum terbuka saja :(","tweet-1925700318253195394"
"Thu May 22 23:48:22 +0000 2025","KDM sakit kronis","tweet-1925700295738183876"
"Thu May 22 23:47:59 +0000 2025","Lagi sakit juga masih aja berzina","tweet-1925700197092360577"
"Thu May 22 23:47:17 +0000 2025","Sakit bener dah mommy wrist ini😭","tweet-1925700019597783224"
"Thu May 22 23:47:04 +0000 2025","Bjir irl gak mungkin ada dosen yang peduli sama anak bimbingannya kalo dia sakit, ini udah termasuk dia baik ke Kale ngasih kabar dan masih mau ngasih catatan kalo dosennya stecu ya. Terus gong sekali si Kale ini berani ngomong kayak gitu sama dospem😭baru sebulan loh Le😭","tweet-1925699968356045211"
"Thu May 22 23:47:04 +0000 2025","Ternyata memang dari dulu banyak hal yg kurasa ga wajar dan bikin sakit hati tapi aku tetap berusaha untuk kuat dan menerima. Kalau sekarang dipikir2, kok ya bisa sejahat itu.","tweet-1925699966338527345"
"Thu May 22 23:46:48 +0000 2025","@tanyakanrl Yg bikin orang sakit itu pikirannya","tweet-1925699901058380059"
"Thu May 22 23:46:21 +0000 2025","@KompasTV In memang benar2 komplotan orang2 tolol semua. Mereka yang mengkriminalisasi Jokowi dengan menuduh menggunakan ijazah palsu, kok sekarang mereka merasa dikriminalisasi? Tidak cuma tolol, tapi sakit jiwa semua!","tweet-1925699787984158748"
"Thu May 22 23:46:21 +0000 2025","apparently, makan pecel pagi pagi bikin sakit perut","tweet-1925699785006207479"
"Thu May 22 23:46:18 +0000 2025","Drg di faskes tuh knp sih.. tau butuh psa gk dirujuk pdhal udh ada indikasi kena saraf. Gigi bungau berlubang gak dirujuk pdhal udh ada indikasi lubang dan sakit malah maksa rawat sendiri","tweet-1925699775535460812"
"Thu May 22 23:46:09 +0000 2025","@anonime_name Sudah agak lama, lucunya aku ga sadar kalau udah sembuh, tau-tau keinget harusnya masih sakit, tapi udah engga..","tweet-1925699734607458639"
"Thu May 22 23:45:53 +0000 2025","Yang masih mau ikut opfoll semalam cepat yaaah, Cim tunggu sambil [sebagian teks hilang] soalnya sakit perut 😭🙏🏻","tweet-1925699666936566132"
"Thu May 22 23:45:51 +0000 2025","@beey_ourlight Aku malah ga salting... galau ajaaa bayangin di pov yang nyanyiin... sakit 💔","tweet-1925699660057805079"
"Thu May 22 23:45:25 +0000 2025","@keepit_colee sakit nmn ng sayo HAHAHHA","tweet-1925699550393610418"
"Thu May 22 23:45:25 +0000 2025","haechan🥺🫳🏻🫳🏻 makasih yaa abang udah selalu keren dan kerja keras di tour ini. aku tau akhir2 ini kamu lagi sakit, jdi tolong jaga kesehatan yaa🤍 https://t.co/QxvxAs6DSu","tweet-1925699549474980272"
"Thu May 22 23:45:17 +0000 2025","PERUT GW SAKIT","tweet-1925699517027930420"
"Thu May 22 23:45:13 +0000 2025","@rasutohebun Aku kena cedera ringan di lutut aja udah setahun ga sembuh2. Over walk dikit rasanya kaya kebakar dari dalem lututku. Berdiri lama, jongkok, turun tangga, tidur keteken ga bisa sakit semua. Bahkan pain killer ga bisa ngilangin sakitnya. 

Doain aja jgn prnh ngerasain lutut cedera","tweet-1925699500485570641"
"Thu May 22 23:45:09 +0000 2025","Emang paling susah itu buat KIE keluarga sendiri makannya aku auto galak kalo keluarga ku ada yang sakit 🥲","tweet-1925699483368558868"
"Thu May 22 23:44:52 +0000 2025","Kepala gue sakit 😩 gabisa tidur asli dah, sekali bisa tidur eh kebangun karena hape dering terus. Bener bener gabisa tidur karena otak muter terus","tweet-1925699414766579901"
"Thu May 22 23:44:46 +0000 2025","Sakit pala krn jogging tp keujanan","tweet-1925699387306455217"
"Thu May 22 23:44:46 +0000 2025","Anjay ""turunin ekspektasinya turunin ekspektasinya"" tapi dia sendiri berekpekstasi tinggi terus pas gak sesuai kenyataan marah sendiri sampe keliatan banget sakit hatinya kaya f personally kill her grandma https://t.co/tD1zZGPOiD","tweet-1925699386077585699"
"Thu May 22 23:44:44 +0000 2025","Isang araw lang na hindi ako aatakihin ng alaala.
Isang araw lang na matahimik naman ang isip ko, kahit sandali.
Isang araw lang na ako muna. Hindi yung sakit. 
Hindi yung alaala. 
Hindi siya.","tweet-1925699380763349044"
"Thu May 22 23:44:43 +0000 2025","DEMI GUA SAKIT PERUT BGT TAKUT PINGSAN","tweet-1925699374434123850"
"Thu May 22 23:44:40 +0000 2025","Bismillah
met pagi man-teman, met beraktivitas dan menjemput rejeki hari ini. semoga penuh berkah. untuk yang sedang sakit, semoga segera diberikan sembuh dan bisa kembali beraktivitas menikmati rejeki sehat. 🤲🙏 https://t.co/Rre0y8O1aX","tweet-1925699364313334138"
"Thu May 22 23:44:38 +0000 2025","@istianahnissa @tvOneNews Sepertinya dirimu yang sakit lol tolol 🤣","tweet-1925699354901258241"
"Thu May 22 23:44:36 +0000 2025","tangina pinapatay nanaman ako ng sakit:(","tweet-1925699347620008379"
"Thu May 22 23:44:35 +0000 2025","@lupisketaan @estehzegarenax love u kak, sbr yh yg rep nya gaterima emg sakit jiwa","tweet-1925699343853494487"
"Thu May 22 23:44:20 +0000 2025","koriya hari ini dingin lg gajelas bgt lah😭😭😭😭 flish stop labil ak dah sakit byk bgt grgr cuaca gajelash","tweet-1925699280020427251"
"Thu May 22 23:44:11 +0000 2025","siku ku sakit bgt gk bisa digerakin, ntah gimana posisi tidurku semalam","tweet-1925699242426847300"
"Thu May 22 23:44:10 +0000 2025","lubog na~ sakit bai~  🥹🥹🥹","tweet-1925699236403777693"
"Thu May 22 23:44:06 +0000 2025","@idextratime yg di ingat dari luka? sakit","tweet-1925699219291029993"
"Sat Jun 21 23:50:00 +0000 2025","moots (barang kali ada yg nyariin gue wakakak) maaf kalo tadi malem gue ga ada.... soalnya mendadak ke rumah sakit jenguk seseorang 👼🏻 gue tau gue udh semangat bgt mencegil brutal di spark &amp; udah persiapin semuanya but empathy is more important &lt;3 https://t.co/XiO6R3Y47Q","tweet-1936572341439648141"
"Sat Jun 21 23:50:00 +0000 2025","Ngapain ""ngabdi"" lagi di negara yang sakit? Yang pendidikan dianggap cuma pemanis semata di pemerintahan?","tweet-1936572340835586428"
"Sat Jun 21 23:49:59 +0000 2025","@DokterTifa MUL MELIHAT PARTAINYA SI BUNGSU TDK BS BERBUAT BYK DI 2029, MAKANYA DIA TETAP GENCAR MUNCUL KE PUBLIK
ANAKNYA DISURUH BIKIN VIDEO BERSERI YG AKAN TERUS DIPOSTING DI YOUTUBE, RATUSAN RIBU KANTONG BANSOS TERUS DIGELONTORKAN AGAR ANAKNYA TERUS NAIK
TAPI ALLAH BERKATA LAIN, MUL SAKIT","tweet-1936572335970189753"
"Sat Jun 21 23:49:25 +0000 2025","@B4r4_Akbar @Dennysiregar7 Mudah2an ini hanya foto editan, kalau benar beliau sedang sakit semoga lekas sembuh agar bjsa membuktikan ijazah asli beliau di pengadilan","tweet-1936572192906682421"
"Sat Jun 21 23:49:11 +0000 2025","Nakakaproud ka sobra, kahit may sakit ka sobrang galing mo padin🥺
Pagaling ka at ingat @stellajero_ 🥺","tweet-1936572136748892483"
"Sat Jun 21 23:49:05 +0000 2025","إنَّما يُؤلمُكَ المنعُ لعدم فهمِك عن الله فيه.
-Adapun rasa sakit hatimu kepada allah atas sikap allah  yang tidak memberikan apa yang kamu minta itu sebab kamu tidak faham terhadap  kebaikan allah didalamnya. 
|syekh ibnu athaillah rahimahullah","tweet-1936572112292204995"
"Sat Jun 21 23:49:02 +0000 2025","@Muhammadazi1998 @kafiradikalis Sampai detik ini sebagian besar masyarakat Jawa masih percaya dan masih mempraktikkan nya.
Bila sakit hati, persaingan usaha,mau naik jabatan.
Pasti pake jasa klenik.","tweet-1936572096160907680"
"Sat Jun 21 23:48:57 +0000 2025","Parang ang sakit naman na ilang beses natin nailigtas ang DustBia sa eviction, tapos ngayon na Big4 na isa sa main goal natin, saka pa tayo matatalo? HINDI TAYO PAPAYAG!!! kaya please donate and campaign. para makaipon tayo. Sobrang lala ng laban. Lalo ngayon mas gigil ang neighbors na ipasok bet nila sa BIG 4. 

#DustBia","tweet-1936572076682621061"
"Sat Jun 21 23:48:55 +0000 2025","@AditiyaArdianto begok lo bikin malu aj! jadikan pembelajaran aj klo gini mah lo bs kena UU ITE! sakit hati lo ikhlasin aj mending buat nata diri lo dan cari cwe yg lebih cakep! banyak bgt diluaran tete nya masih pada kenceng2 ga kendor kaya ud punya 4 anak!🤣","tweet-1936572068587552971"
"Sat Jun 21 23:48:29 +0000 2025","@keluargahani Belum lah Hani, sembuh dari sakit gak secepat itu 😅","tweet-1936571958575218893"
"Sat Jun 21 23:48:22 +0000 2025","The only way untuk tak sakit while missing you is to get married with you kwon hoshi 😭🙏🏻","tweet-1936571930192343044"
"Sat Jun 21 23:48:15 +0000 2025","WTS 1 tix black qn 2 digit, price 1jt. Masuk bareng aku, cod venue. Temenku batal nonton karena sakit🙏🏻😔","tweet-1936571900513472982"
"Sat Jun 21 23:48:14 +0000 2025","@tiwas_kelaran Udah terlalu sakit kali dimaafin aku sendiri yang terluka","tweet-1936571895039799706"
"Sat Jun 21 23:48:08 +0000 2025","@caturjurgen 🤗🤗🤗im always one call away ya sayang. Siap mendengarkan catur 24/7 kalau tidak sedang sakit atau bekerja","tweet-1936571870477979915"
"Sat Jun 21 23:47:42 +0000 2025","sakit sa ulo haup","tweet-1936571764102021179"
"Sat Jun 21 23:47:20 +0000 2025","@DokterTifa Selain mengidap Autoimun Agresif, hati Pak Jokowi sdh hitam/berkarat dan ini sulit bagi beliau menerima kebenaran dari doktif cs. Keknya beliau lebih baik sakit daripada menerima kebenaran soal ijazah dll.","tweet-1936571669247865232"
"Sat Jun 21 23:47:11 +0000 2025","@FNBYMark67610q @stellajero_ @SB19Official Masama ang pakiramdam ni Stell, may lagnat si Ken. Pero nananapak ang vocals parehas. Proof na hindi excuse na may sakit ka to give a mid performance kasi kaya pa rin talaga! All out sila even if may sakit. That’s peak professionalism and real artistry!","tweet-1936571630635143569"
"Sat Jun 21 23:46:41 +0000 2025","Aku tidur 4 jam doang hari ini 😭💔 kuat kuat manusia ini moga ga sakit mana pp Depok -&gt; senayan 😭","tweet-1936571508178198547"
"Sat Jun 21 23:46:15 +0000 2025","Sembang dengan anak-anak.

Kita ni bayar untuk sakit. Ubat untuk berat berlebihan sebenarnya ada kurang makan sahaja. Makanan manis dan berlebihan tu bukannya percuma.","tweet-1936571397847015721"
"Sat Jun 21 23:45:52 +0000 2025","@BangPino__ Jangan bilang pak jokowi sakit itu fitnah, karena pak jokowi mustahil sakit katanya... Beda dengan ketika HRS bilang dia sehat. Beliau kena pasal kebohongan. Kalo Pak joko bohong aman aman saja. Ini yang namanya adil???","tweet-1936571301738729923"
"Tue Apr 22 23:49:12 +0000 2025","*insert meme rumah sakit korban pak malaka*","tweet-1914828866474140118"
"Tue Apr 22 23:48:58 +0000 2025","12 nalang me pasok, sakit pa ulo ko","tweet-1914828807204430218"
"Tue Apr 22 23:48:55 +0000 2025","Sobrang ayaw ko talaga ng sinisipon. Ang sakit sakit ng ulo ko +++ naiiyak ako lagi so laging maga yung mata ko 🤧","tweet-1914828796026597743"
"Tue Apr 22 23:48:53 +0000 2025","@Sanemiangin Pagi renn,perut aku sakit mules","tweet-1914828786019000586"
"Tue Apr 22 23:48:39 +0000 2025","Kondisi memilukan dialami warga Kampung Citiis, Desa Wangunsari, Kecamatan Sindangkerta, Kabupaten Bandung Barat, Selasa 22 April 2025. Kondisi akses kampung yang rusak membuat warga yang sakit kesulitan mendatangi fasilitas kesehatan untuk berobat.
.
Warga pun terpaksa digotong menggunakan sarung atau digendong kala berangkat berobat. Mereka digendong atau digotong menuju lokasi yang paling bisa dijangkau mobil pengangkut di tengah buruknya akses.
.
Bambang Arifianto/PR
.
#citiis #sindangkerta #prmn","tweet-1914828728544469324"
"Tue Apr 22 23:48:38 +0000 2025","Aku ngerjain soal sebanyak itu sambil nahan gaenak badan gemeteran, nahan sakit mens day1, belum tidur dan seharian belum makan....","tweet-1914828725683937757"
"Tue Apr 22 23:48:34 +0000 2025","Napa ya tiap sakit tuh gak sembuh2. Ya tau ih kecapean cuma kan ya gimana lagi🥲","tweet-1914828707447058907"
"Tue Apr 22 23:48:28 +0000 2025","@lovstudy_ @tanyarlfes Iya anj gue selalu sebel sm org apa2 bawa gen z
Meanwhile banyak dari gen z jg yg kuliah sambil nyari duit, ini itu sampe kerja masih ketemu org2 yg gangerti lg keteter, si sender tolol ini gapake otaknya ngomong begitu sakit hati bgt gue elah","tweet-1914828684802068874"
"Tue Apr 22 23:48:26 +0000 2025","Butuh ke pantai, tp ibu lg sakit 💔","tweet-1914828676224426242"
"Tue Apr 22 23:48:25 +0000 2025","@katakama_ Lagi sakit kak 🤗🤗🤗 panas badanku","tweet-1914828670889599298"
"Tue Apr 22 23:48:22 +0000 2025","kenapasih gue sakit selamanya","tweet-1914828655894929879"
"Tue Apr 22 23:48:10 +0000 2025","@tanyakanrl Jika sesuatu di hadapanmu membuatmu takut dan sesuatu di belakangmu membuatmu sakit, maka lihatlah ke atas. Allah tidak pernah gagal untuk menolongmu","tweet-1914828609510105461"
"Tue Apr 22 23:48:10 +0000 2025","@caramelouv Hehehe enggak kok aku cuma makan satu. Tapi sebenarnya ada gak si yang lebih kuat dari Paracetamol dan harganya sama buat sakit kepala yang banget banget banget, Twinih?","tweet-1914828608516055131"
"Tue Apr 22 23:48:02 +0000 2025","boleh gaj tidur 100 jam.. capek bgt, tiap bangun yidur selalu ngerasa sakit","tweet-1914828574781284389"
"Tue Apr 22 23:47:44 +0000 2025","AAAA SALAH BANTAL, SAKIT BANGET LEHER KU","tweet-1914828499761946677"
"Tue Apr 22 23:47:33 +0000 2025","@MasBRO_back Kaum sakit hati semua kalah pilpres 😭🤣🤣","tweet-1914828450655027316"
"Tue Apr 22 23:47:29 +0000 2025","Yang kerja bukan cuman kamu saja. 

Semua orang juga cape. 
Miskin perhatian, miskin etika, miskin kepedulian. 

Ga ada maaf ga ada terimakasih, wajar kalau sakit hati. 

Saya manusia masih punya hati .!!","tweet-1914828433663902012"
"Tue Apr 22 23:47:25 +0000 2025","@areichandesu_ Di tampar kenyataan itu sakit_i","tweet-1914828420493848606"
"Tue Apr 22 23:47:24 +0000 2025","@notpricil Sakit ya","tweet-1914828413560627438"
"Tue Apr 22 23:47:05 +0000 2025","sakit ng mata ko","tweet-1914828336721023319"
"Sat Jun 21 23:45:30 +0000 2025","@CakKhum Mengerikan itu kalau terlihat seluruh kulit tubuhnya. Seperti terbakar, gatal dan mengarah membusuk. Ini perlu dijelaskan oleh ahli agama, apa benar ini hasil kutukan yg diterimanya? Atau mmg sakit yg berbahaya? Cucunya mau pada mendekat gak ya? Jangan2 pd takut ketularan.","tweet-1936571207538950603"
"Sat Jun 21 23:45:29 +0000 2025","@pawnyao Rasa sakit apa ini? Kok nikmat sekali 😨✨","tweet-1936571205643067897"
"Sat Jun 21 23:45:22 +0000 2025","@tanyakanrl bapakku dulu juga perokok nder, sampe akhirnya setahun full bolak balik rumah sakit karena gerd (sampe lambungnya luka dan bikin liurnya berdarah). gerdnya jadi makin parah karena bapakku ngerokok juga. sampe dia sering bgt dr kantor tuh dianter sama orang kantornya karena -cont","tweet-1936571173539824013"
"Sat Jun 21 23:45:18 +0000 2025","kalo marahnya udah di level gak bisa dibawa tidur, kubawa jalan kaki muter2 komplek sampe sakit kakinya lebih kerasa daripada marahnya","tweet-1936571156171231441"
"Sat Jun 21 23:44:45 +0000 2025","asbun banget daeum sakit lambung 😭  #ourmovie https://t.co/CbVHZjLxUw","tweet-1936571021051744416"
"Sat Jun 21 23:44:31 +0000 2025","@adevonnylyca palakasan ng sakit HAHAHAHHA","tweet-1936570962675421293"
"Sat Jun 21 23:44:21 +0000 2025","Kok makin sakit yaa😔","tweet-1936570917079155126"
"Sat Jun 21 23:44:06 +0000 2025","@sanloxz Pastinya akan playing victim, si paling korban sipil tapi mereka sendiri tidak sadar udah banyak hancurin rumah sakit, sekolah di gaza","tweet-1936570854806319513"
"Sat Jun 21 23:44:01 +0000 2025","May sakit pala daw ung dalawa kagabi? pero hindi halata ah. superb performance. all out! 

SB19 UNLEASHED IN TAIWAN
@SB19Official #SB19
#SB19atHitoPop2025","tweet-1936570834740715927"
"Sat Jun 21 23:43:17 +0000 2025","@DokterTifa Sakit berat⁉️Semoga Tuhan memberikan yg terbaik untuk Jokowi dan juga untuk seluruh anak bangsa yg mana Tuhan menunjukkan kebenaran agar semua anak bangsa pun sadar akan pentingnya MELIHAT KEBENARAN DAN JAUH DARI TIPU-TIPU DAN KEBOHONGAN","tweet-1936570650141085729"
"Sat Jun 21 23:43:13 +0000 2025","lagi haid hari pertama perut sakit banget jam segini baru bangun ngeliat suami udah lagi ngepel. dia ngga ngomel, malah nyuruh istirahat lagi aja biar dia yang bebenah https://t.co/bCOf4fYX0J","tweet-1936570635146461610"
"Sat Jun 21 23:42:35 +0000 2025","Gpp cape gw bisa menghajar dunia ini sambil sakit kepala (sumpah sakit bgt kepalaku)","tweet-1936570473556635665"
"Sat Jun 21 23:42:27 +0000 2025","@cckasn @ainascnrrmt @officialJKT48 Sakit dada kenapa","tweet-1936570440887218415"
"Sat Jun 21 23:42:22 +0000 2025","@_Letyciamoreen aku juga belum, pdhl aku lgi sakit
kamu mau sakit moyen??","tweet-1936570419802472930"
"Sat Jun 21 23:42:11 +0000 2025","Yaallah sampai saat ini masih sakit hati bgt krn jahat sekali 🥺. 
Yaallah ya rab aku berlindung kepadamu","tweet-1936570375053492232"
"Sat Jun 21 23:41:36 +0000 2025","lagnat manis tabuloc oysh","tweet-1936570227816579266"
"Sat Jun 21 23:41:32 +0000 2025","sakit hati bgt mas ridho nikah😭😭😭😭😭","tweet-1936570208162045991"
"Sat Jun 21 23:41:04 +0000 2025","@bacottetanggaid sakit bgt liatnya🤬","tweet-1936570092877484520"
"Sat Jun 21 23:40:59 +0000 2025","AAAAAAA MAU GILAAAA SAKIT BGT PDHL CMN MIMPI","tweet-1936570072140824916"
"Sat Jun 21 23:40:54 +0000 2025","@tanyarlfes Fokus❎
Sakit mata + sakit kepala ✅😭😭","tweet-1936570049739075815"
"Thu May 22 23:43:47 +0000 2025","Kalian klo haid sakit banget gasi perutnya? Klo iya klian minum apa ? Please ini sakit banget takutnya pas konser bulan depan ga kuat😭","tweet-1925699142417895932"
"Thu May 22 23:43:43 +0000 2025","@_AnN1K4_ Anehh,aku habis mimpi kerja dirumah sakit. Tapi rumah sakitnya menyenangkan banyak kasus aneh awkwkwk","tweet-1925699123426050355"
"Thu May 22 23:43:43 +0000 2025","@NDksev17 @ter_csc Org kalo udh punya penyakit hati gtu kak, mao kita sakit parah klo mnrt dy gaseneng mah gaseneng aja. Biarin aja biar berkah,","tweet-1925699122671079670"
"Thu May 22 23:43:41 +0000 2025","@collegemfs Iya dari bab 2 harus sakit berkaitan ni dikit lagi beres nder aku ayo semangattttt","tweet-1925699113196159239"
"Thu May 22 23:43:29 +0000 2025","@doyqim kalo sakit nanti diobatin number 13😁","tweet-1925699063564923070"
"Thu May 22 23:43:16 +0000 2025","Baru kali ini gue ngerasa kayak gini... beneran kayak yg sakit bgt kalau inget dia tuh, bahkan gue sampe ogah buat belajar gitar gara gara dia. Oh, my life getting worse cz of him, loved him turns out killing me slowly https://t.co/RJU0xLpeor","tweet-1925699008753803654"
"Thu May 22 23:43:01 +0000 2025","@DokterTifa barisan sakit jiwa jika bicara selalu keseleo. tanda kebohongan di perlihatkat Allah ...di kira cuma keseleo sesuatu yang keluar dari mulut seseorang itu kehendak Allah tak ada yang kebetulan....","tweet-1925698949546995747"
"Thu May 22 23:42:58 +0000 2025","@amelliafdw_ Kak @amelliafdw_ itu aku yg rep 😭akun ku sakit😞

Kalo ini masuk g ya 😞","tweet-1925698935273714072"
"Thu May 22 23:42:52 +0000 2025","so intense sampe sakit banget DEG GITU JANTUNG GW","tweet-1925698910103777779"
"Thu May 22 23:42:38 +0000 2025","@LosmenInn Meowning, Losmenn! Pipi nya gembul karena kebanyakan mam mochi kemarin :3 ih by, maaf aku kemarin lalai karena Ningning cabang Indonesia lagi sakit. 😭💧😭💧tapi sekarang ready deketin kamu terus dan dapet kabar dari kamu. 🥺💗 kamu masih semangat kan?","tweet-1925698849433169963"
"Thu May 22 23:42:26 +0000 2025","DEBUT SAMA JIYONG GK LU KYU KALO GK GUE PUKUL. JIYONG NANGIS/SEDIH/SAKIT HATI AK GK TERIMAA","tweet-1925698800485609530"
"Thu May 22 23:41:57 +0000 2025","the rill nangis karena teman itu lebih menyakitkan daripada karena pasangan. sakit juga ya temanmu seberubah itu","tweet-1925698679060500828"
"Thu May 22 23:41:26 +0000 2025","@Hanboin oh kirain hiks, siapa tau ya harus mengalami dulu. keren bgt yang dari ideas tiba-tiba, jadi kayak ada cerita dalam otaknya gitu. IYALAGI WKWKW kayaknya yg ini dari oengalaman soalnya sakit bgt. effortnya sudah beli kaca pembesar jadi bangga. 🥺","tweet-1925698550618279944"
"Thu May 22 23:41:18 +0000 2025","H-5 DAN YAP SAKIT PERUT DAN JANTUNG GUE SELALU BERDEKUP KENCANG SETIAP BANGUN TIDOR 😀","tweet-1925698513985257572"
"Thu May 22 23:41:08 +0000 2025","hii manteman kl lewat tl plzz bantu tag akun ku yash gi sakit, kamsahamnida https://t.co/fCQ9bBRULN","tweet-1925698472356839855"
"Thu May 22 23:41:05 +0000 2025","Gw sangat amat 90% sure ipk gw nurun sem ini krna gw bener2 gak bisa kelas pagi....also dgn se sakit apa gw di sem ini (mentally and physically) so....","tweet-1925698460633759838"
"Thu May 22 23:41:00 +0000 2025","Work! Butuh masukan. Izin curhat.
Aku bulan ini habis kontrak probation. Gak tau lanjut atau enggak. Ayah aku lumpuh sebagian, ibu aku lagi sakit. Mending tutup kontrak atau lanjut ya?
Gaji aku 2,4 diluar kota 8 jam dari rumah.","tweet-1925698441151135799"
"Thu May 22 23:40:37 +0000 2025","@tar0cahayu Terima kasih atas perhatiannya bibubb. Emang di daerah ku sekarang lgi musim sakit, ak bingung kapan coba musim kawin 🤤🤤 https://t.co/y7kzOWovnq","tweet-1925698344506069324"
"Thu May 22 23:40:18 +0000 2025","@kylasahi Alhamdulillah, aku waktu itu hari pertama flight ke sg, sakit mampus mau pingsan diatas 😭","tweet-1925698265174986889"
"Thu May 22 23:39:57 +0000 2025","@pwettyeay akuu baru aja day 1 selasa minggu ini, yaAllah perut sakit, tulang ekor sakit, punggung pegel kl mau jalan lemes wkwk","tweet-1925698175882391731"
"Sat Jun 21 23:40:24 +0000 2025","@vikririzk @ody_odyaja Ga sampe biarin mayit ortu 3 harian jg kalik, itu nenek gw meninggal umur 80an/90an gw lupa yg rawat tante gw kdg sama emak gw yg ikut ngerawat sesekali, bahkan yg ngecek blio udh berpulang itu emak gw (mamah penisiunan nakes) yg waktu itu kesana buat ngerawat blio krna sakit","tweet-1936569924237025578"
"Sat Jun 21 23:39:47 +0000 2025","sakit","tweet-1936569767999287594"
"Sat Jun 21 23:39:46 +0000 2025","@velainne Tapi ndapapaa??? Kalo ada yg sakit periksain yaa takutnya jangka panjang nanti 😔","tweet-1936569763637104990"
"Sat Jun 21 23:39:23 +0000 2025","Sakit sakit sakit","tweet-1936569669357371501"
"Sat Jun 21 23:39:19 +0000 2025","@munvess Serah lo, kalau sakit hati karena di bub kagak papa semisal kagak mau reach out lagi","tweet-1936569653360504862"
"Sat Jun 21 23:39:09 +0000 2025","@PutraAndal8235 @psi_id Bagus ... Semakin lama hidup dan panjang umur bisa jadi contoh nyata bagaimana Jokowi jadi monumen hidup dgn penderitaan sakit yg takkan berhenti 

Begitulah cara Jokowi menzolimi WNI selama 10 tahun terakhir","tweet-1936569608968024372"
"Sat Jun 21 23:39:07 +0000 2025","@dee_useuun Lohh kakak sakit???

JOSSGAWIN FANDAY21 VIETNAM
#JGFANDAYxVIETNAM","tweet-1936569601783197715"
"Sat Jun 21 23:39:00 +0000 2025","@jimmies_again Siapa yg sakit?","tweet-1936569574616715666"
"Sat Jun 21 23:38:55 +0000 2025","I hope the house challengers picked them sa big jump. Ang sakit lang ng ShuKla part 2 feels pag sila ang natanggal knowing the situation outside na iba ang laban sa botohan pag may generation wealth talaga.","tweet-1936569549668917267"
"Sat Jun 21 23:38:48 +0000 2025","@KangManto123 Memangnya kau kira baru ini kali Kapal2 Induk Amerika lewat di Selat Malaka,sampe segitunye ente sakit hati😂😂😂","tweet-1936569523458752531"
"Sat Jun 21 23:38:47 +0000 2025","May sakit ang KenTell???? Llluuhhhh.. Pero ang galing parin nila.. Sana makapagpahinga sila after.. 

SB19 UNLEASHED IN TAIWAN
@SB19Official #SB19
#SB19atHitoPop2025","tweet-1936569520132690080"
"Sat Jun 21 23:38:32 +0000 2025","@DokterTifa Semoga segera tobat sebelum semakin parah sakit yang diderita sebagai akibat perbuatannya","tweet-1936569453267050538"
"Sat Jun 21 23:38:21 +0000 2025","@AdelRevaaa Lagi sakit","tweet-1936569410967474485"
"Sat Jun 21 23:38:18 +0000 2025","Lagi ada virus sakit mata apa ya, temen w kena krn adeknya, adeknya kena dari temen mainnya. Terus mba w kena dari cowoknya, cowoknya kena dari tetangganya. Nie mata w udah berasa aneh jg (semoga cuma feeling aja sih aamiin)","tweet-1936569398388768921"
"Sat Jun 21 23:37:25 +0000 2025","sakit ng legs ko shuta wala naman nag sabi na nakakanginig tuhod yung square tile flip kahapon 😭😭😭😭😭😭","tweet-1936569176212258889"
"Sat Jun 21 23:37:16 +0000 2025","@tanyakanrl Kocak banget sakit cuma gara² gadiizinin liat tt🤣 mbak, lo udah gede woe udah 27 masa gini aja gatau harus gimana. Cutoff mbak cutoffffff. Cowo di bumi bukan dia doang. Tapi kalo lo mau nyesel udah pap tt trus ditinggalin sih yauda, gosah ngirim sambatan penyesalan ntar","tweet-1936569135938580764"
"Sat Jun 21 23:37:12 +0000 2025","@gnie0ris @ratuataugina aku pake ga sakit sih ka nyaman, even bawa laptop 
*fyi laptop ku yg 15,6 itu mayan beratnya tapi pake tas ini ga sakit","tweet-1936569117949169687"
"Sat Jun 21 23:37:10 +0000 2025","@vikririzk @ody_odyaja Ini bener banget...
Klo belum nyobain please jgn menghakimi please...
Cobain dlu deh gak usah sampe bertahun"".. cobain 2bulan aja full jagain ortu yg sakit pikun bgni.","tweet-1936569111246733436"
"Sat Jun 21 23:37:08 +0000 2025","Leachon: Dahil sa tag-ulan, increase humidity, stagnant water at full sanitation sa flooded areas, expected natin na ang Pilipinas ay dinadaanan ng 22 typhoons a year. Naggu-hrupo ang sakit sa 4 na category ang mosquito-borne illnesses 'yan at dengue fever.","tweet-1936569103470530705"
"Sat Jun 21 23:36:58 +0000 2025","dan rasa sakit yang aqeela dapat tanpa rasa dendam juga ga sia sia","tweet-1936569059786871220"
"Tue Apr 22 23:47:02 +0000 2025","ANG SAKIT SAKIT NA TALAGA 😭","tweet-1914828321520578990"
"Tue Apr 22 23:46:56 +0000 2025","Cinta sesuatu yg indah bila anda bertemu dgn yg tepat..tp cinta juga boleh jd sgt sakit bila anda salah bertemu pasangan..pilihan di tangan anda..anda memilih anda merasai..ok skrang siapa nk jd cinta sy hahahahahaha","tweet-1914828298703790363"
"Tue Apr 22 23:46:50 +0000 2025","@Littlesweet___ waduh ini ya tanda-tandanya hati kita sedang sakit","tweet-1914828270920782039"
"Tue Apr 22 23:46:48 +0000 2025","tp untung maskot smyle nya menggelembung, jd lumayan membantu crew yg ada di dalamnya biar egk terlalu sakit","tweet-1914828263006069104"
"Tue Apr 22 23:46:41 +0000 2025","@mydaylistory Aku pengen ketemu day6 supaya ada pelarian dari kenyataan yang udah sakit, eh malah makin disakitin sama melani 😭","tweet-1914828234484842843"
"Tue Apr 22 23:46:38 +0000 2025","mak gue sakit hati ga ya anaknya dibilang gitu, dia denger but no reason jir ( i forget she's don't love me )","tweet-1914828221004308881"
"Tue Apr 22 23:46:23 +0000 2025","sik demam, tapi sakit tekak hishhhhh tak suke!","tweet-1914828160002351332"
"Tue Apr 22 23:46:21 +0000 2025","SAKIT NG TONSIL KKKKKIOOOO","tweet-1914828150762246350"
"Tue Apr 22 23:46:06 +0000 2025","@Adhan_ran rasain aja sampe sakit btt","tweet-1914828089533841693"
"Tue Apr 22 23:45:49 +0000 2025","kalo perutnya sakit rasanya mau ambil semua isi yang ada di perut.","tweet-1914828016041255016"
"Tue Apr 22 23:45:33 +0000 2025","Sakit hati mak🫠","tweet-1914827950467506456"
"Tue Apr 22 23:45:29 +0000 2025","@kesi_aj @JianLie6 @RekamDigital_ Itu yg aku rasain sendiri. Dan pengalaman kk ku jg sama. Anak pertama sma dr cowo, jahitan rapi. Anak ke2 sama dr cewe, jahitannya sampai lepas. Trus beliau maksa ngejan, ngeluh dikit aja kkku, langsung diblg “ah ga sakit, saya jg ngerasain kok” sama dr cowo ga begini","tweet-1914827931718963505"
"Tue Apr 22 23:45:17 +0000 2025","syittt men sakit bgt","tweet-1914827880917606738"
"Tue Apr 22 23:45:11 +0000 2025","@natacantiik yang punya rumah sakit gasih ini tuh di series spare me your mercy 😭✌🏻 kokopan anjir wtf","tweet-1914827855764316533"
"Tue Apr 22 23:45:04 +0000 2025","@KangManto123 ya kalo udah tua sakit-sakitan harus pensiun lah. jangan jadi beban negara.","tweet-1914827828891398398"
"Tue Apr 22 23:44:45 +0000 2025","@Nindimarina Jadiny yg sakit yang mana","tweet-1914827748234969285"
"Tue Apr 22 23:44:38 +0000 2025","@moisellcc Sakit sih pasti","tweet-1914827717461336248"
"Tue Apr 22 23:44:37 +0000 2025","KUPING KU SAKIT LAGI 🥹

Probably no stream until next week...","tweet-1914827715427098645"
"Tue Apr 22 23:44:32 +0000 2025","@tanyarlfes Klo aq pasti Onit ka! Gile ini sepatu nyaman polll pokoknya. Mau sol nya udah tipis juga ga pake sakit di kaki. Juara bangettt","tweet-1914827691234353580"
"Tue Apr 22 23:44:20 +0000 2025","@TuanTakur_25 Dari awal sampe akhir ketawa ngakak mulu sampe perutku sakit tapi filmnya agak gore yg punya fobia terhadap darah tidak disarankan untuk menonton","tweet-1914827644191039967"
"Sat Jun 21 23:36:52 +0000 2025","@sungchanzo Sakit hati.","tweet-1936569037376602401"
"Sat Jun 21 23:36:18 +0000 2025","ga bisa bayangin liat ibu dan adik yang meninggal di tanggal yg berdekatan, pastinya sakit banget","tweet-1936568892526342334"
"Sat Jun 21 23:36:06 +0000 2025","Timbog kaya pala dalawa kayo may lagnat/sakit","tweet-1936568843989623163"
"Sat Jun 21 23:35:51 +0000 2025","@tanyakanrl wkwkwkwk sakit pengen liat tt 😭😭😭😭","tweet-1936568778395115879"
"Sat Jun 21 23:35:45 +0000 2025","kapan lg dibikinin, dituangin, dan dianterin wedang ke tempat gue duduk yg mana biasanya semua dilakuin sendiri🙂 mana belio tidak pernah lupa comfort food kita kl lg sakit, disediain sapo tahu🥹","tweet-1936568756161085671"
"Sat Jun 21 23:35:44 +0000 2025","biasanya kl sakit dimarahin disuruh ke dokter biar ✨ga males dan bisa berfungsi✨ini dihandle with care kek barang fragile (ya emg sih)","tweet-1936568752612790557"
"Sat Jun 21 23:35:39 +0000 2025","@Narasi_winda Tel Aviv emang hancur sih tp bandara masih bisa digunakan. Sampe rumah sakit kena sasaran juga tuh","tweet-1936568728147350014"
"Sat Jun 21 23:35:32 +0000 2025","kak dani deket lagi sama cewek yang dulu perna deket sama dia, namanya YULIA. ku pengen ancurin semua yulia yang ada di muka bumi ini, sakit bangettt sampe sesek. walaupun cuman mimpi tapi nyesek","tweet-1936568700917948821"
"Sat Jun 21 23:34:44 +0000 2025","@margams_ demi allah sakit hati","tweet-1936568500505735447"
"Sat Jun 21 23:34:29 +0000 2025","@velainne astaga. harusnya kemarin kamu langsung pijat biar badan ga terlalu sakit","tweet-1936568435288469592"
"Sat Jun 21 23:33:40 +0000 2025","SAKIT HATI BANGETTT","tweet-1936568231243960721"
"Sat Jun 21 23:33:29 +0000 2025","@DokterTifa Owh ternyata yg nonjol dibalik bajunya itu alkes toh. Brarti yg sakit bukan cm kulitnya tp organ dalamnya juga 🤔 https://t.co/v9BV5qi96i","tweet-1936568184532078715"
"Sat Jun 21 23:33:28 +0000 2025","@kiyomigummy Pagi, waduh gummy jangan sering  bergadang sampai pagi subuh ntar sakit loh","tweet-1936568181340127282"
"Sat Jun 21 23:33:25 +0000 2025","@kokuymi Paksain, sakit lo entar kagak makan","tweet-1936568166072889648"
"Sat Jun 21 23:33:16 +0000 2025","Done watching #TheOathofLove 🥳 iseng nonton dramanya Xiaozhan x YangZi, ternyata gemas. Nangis dikit bagian ayahnya sakit lagi. Udh gitu kirain bakal ada epsd gak direstuin berlarut2 dari ortunya Gu Wei, eh ternyata aman. Btw Xiaozhan cakep bener 😍

https://t.co/NHVEcN5dsw","tweet-1936568130035438028"
"Sat Jun 21 23:33:08 +0000 2025","plis skrg knp tiap main sakit ya","tweet-1936568097944854546"
"Sat Jun 21 23:32:44 +0000 2025","May sakit na rin ang mga kids😁

#kentell #kentellverse","tweet-1936567996870484180"
"Sat Jun 21 23:32:04 +0000 2025","sakit perut kenapa lagi ini aku?? masa rotinya?? huhu","tweet-1936567827286417583"
"Sat Jun 21 23:31:37 +0000 2025","Sakit perut krna kebanyakan makan makanan yg tidak baik-_- skrg bolak balik kamar mandi dan ambeien sedikit kumat-_- semoga setelah ini bisa mengontrol makan dgn bijak","tweet-1936567716359659825"
"Sat Jun 21 23:31:33 +0000 2025","Adek gue nih stress apa gimana dah tiap liat gue istirahat gak seneng banget kontol. Ada duit buat gofoood nyuruh2 masak padahal dah dibilangin mama aku lagi sakit lagi istirahat biar pas wisuda atleast 90% sehat terus biar bisa MCU segala.","tweet-1936567698357719506"
"Thu May 22 23:39:53 +0000 2025","sedih banget anjir, gara gara sakit aku ga bisa ikut kelas (ketiduran jir grgr obat), ikut radiv, ikut rapat stuban, bahas tugas, nyicil laprak
merasa bersalah bgt sama temen""ku..😞😞😞
maaf ya guys","tweet-1925698159264567708"
"Thu May 22 23:39:31 +0000 2025","@danmujle Jawab aja, ""iya nanti gw tobat, kalau skrg terpaksa krn laper. Nah kalau elu, komentar sok2an dan bikin gw sakit hati, bikin malu depan banyak org, gw pastiin gara2 momen ini, elu ketunda masuk surganya krn gw gtw bisa ikhlas maafin elu apa enggak, Ingat kata2 gw ini ya""","tweet-1925698065081434500"
"Thu May 22 23:39:31 +0000 2025","danheng mau mode imbibitor lunae aja cuma perlu ditusuk sekali, ini dia mau aktifin mode itu hrs koyak jantungnya berkali kali,,,, sakit hati awak","tweet-1925698064909554084"
"Thu May 22 23:38:51 +0000 2025","sakit banget ya Allah sesek bgt","tweet-1925697897745551483"
"Thu May 22 23:38:34 +0000 2025","@deliabe44 @pannchoa @MorningDews_ Dia mah legit sakit jiwa. Ga ada uang berobat apalagi beli album n ntn konser. Jd cm punya bacotan buat bikin dirinya hepi dlm halusinasinya

Kasian pdhl kyu plg benci fans modelan gini","tweet-1925697829311316165"
"Thu May 22 23:38:27 +0000 2025","@Chynthia_K Lah ko ente yg sewot...???
Siapa bilang berhengi
Msh ada Proses hukum kasus pidana pencemaran nama baik oleh Jokowi, dan gugatan pidana lain dr gerombolan kalian jg msh berproses...
Tunggu aja di pengadilan...

Sabar ya Cyn, menerima kenyataan itu ngga mudah ya, klo lg sakit 🤣🤣","tweet-1925697797765931344"
"Thu May 22 23:38:19 +0000 2025","@Simemaki Karena bagi mereka hanya mrka yg benar, dan suka bawa nama rakyat padahal hny gerombolan mrka aja yg sakit hati...🤣🤣🤣","tweet-1925697765469802777"
"Thu May 22 23:38:17 +0000 2025","Gk tau lahh gw aneh bgt 😭, td mlm tmn gw ngjkin jajan es cekek lg tp gw gk mau karna tkut diare lg. Ya udh gw bli lg ngebuktiin klo diare lg fix sih krna es cekek. Ehh bnr aj td pagi jam set 4 gw sakit perut bgt diare sampe jam set 5 🙂. Dulu juga pernh somay pinggir jln.","tweet-1925697758331076726"
"Thu May 22 23:38:00 +0000 2025","ya ampun padahal niat begadang, karena datang bulan gue ketiduran soalnya sakit perut.","tweet-1925697684377092234"
"Thu May 22 23:37:41 +0000 2025","PLS ABIS PUP MALAH MAKIN JADI SAKIT PERUTNYA 😖😖😖😖😖😖😖😖😖😖😖😖😖😖😖😖😖","tweet-1925697603343138854"
"Thu May 22 23:37:35 +0000 2025","@adinatazain ya seharusnya lu ga blgin gw gini sakit hati anj soalnya kala kupandang kerlip bintang nan jauh disana sayupku dengar melodi cinta yang hahahaha","tweet-1925697580194795656"
"Thu May 22 23:37:30 +0000 2025","sakit bgt... jujur huft","tweet-1925697557180645545"
"Thu May 22 23:37:29 +0000 2025","@PlusUltraClass Ak gk stuju,,,, nti sakit lagii😞😞","tweet-1925697555305771271"
"Thu May 22 23:37:23 +0000 2025","lowkey gusto ko palitan yung layout ko kasi parang kulay sipon ata yung background ni shua 😭","tweet-1925697531289149499"
"Thu May 22 23:37:06 +0000 2025","DEMI ALLAH WAALLAHI SAKIT BGT DEMI ALLAH KAYA GAKUAT 😭😭😭😭😭😭😭😭😭😭😭😭😭😭😭😭😭😭😭😭😭😭😭😭💔💔💔💔💔💔💔💔💔💔💔💔💔💔💔💔💔💔💔💔💔💔💔💔💔💔💔💔💔💔💔💔💔💔💔💔💔💔💔💔💔💔💔💔💔💔💔💔💔","tweet-1925697458513813911"
"Thu May 22 23:36:59 +0000 2025","@enakrebahan ga tega gw orang lembaga pd sakit","tweet-1925697428402966830"
"Thu May 22 23:36:27 +0000 2025","@uranususerr IYAAA, gila sick bgt sumpah sakit jiwa","tweet-1925697295141503283"
"Thu May 22 23:36:09 +0000 2025","Bahkan pas aku lg sakit gini pun msh blm bise istirahat dibuatkan nye wkwk","tweet-1925697219782467701"
"Thu May 22 23:35:54 +0000 2025","@selvee_blue apa ga sakit itu tangann nya kena basa terus","tweet-1925697156024807816"
"Thu May 22 23:35:44 +0000 2025","@Amarynn_ Gpp makan aja dulu, tenggorokan sakit dipikir nanti wkwk","tweet-1925697112634699833"
"Tue Apr 22 23:44:14 +0000 2025","Jadi gini gais, thn ini gw rencana mau nambah line bisnis kan ya.
Udh direncanain semua tuh, konsepnya, business modelnya dll lah.
Taunya partner gw ini tiba tiba banget ngilang dan taunya dia malah bawa semua ide ini ke orang lain dan mereka collab bareng. Sakit sih cuma ya gmn","tweet-1914827618605785271"
"Tue Apr 22 23:43:57 +0000 2025","@aypantropalang ARAW ARAW???? HALA NORMAL LANG ‘YAN, sakit sakit nyan","tweet-1914827546723754150"
"Tue Apr 22 23:43:44 +0000 2025","Sbnrnya gpp bgt sakit flu begini, yg jd masalah knp sakitnya pas hamil gede begini 😭 mau batuk langsung braxton hicks, perut nyeri, ga bs minum obat. Sedih bgt hidup w, sabar yaa dek 😭🙏 maap ibu ganggu, pasti adek lagi kaget setiap ibu batuk 😭🙏","tweet-1914827490234904947"
"Tue Apr 22 23:43:12 +0000 2025","@kesi_aj @JianLie6 @RekamDigital_ Dan, lahiran sama dr cowo, ga berasa sakit waktu penanganan. Padahal di epis. Lahiran sama dr cewe, ga di epis, sampai ada robekan hampir dekat anus, kerasa sakit bgt. Trus suntikannya berasa bgt. Wkt dr cowo dulu, ga berasa di suntik paha kiri kanan. Kerasa pas jahit sakit aja","tweet-1914827356415664340"
"Tue Apr 22 23:42:53 +0000 2025","@whimsysun bergabunglah di komunitas rps yang sejatinya merupakan bangsal rumah sakit paling meriah, sobat,,,,,,,,, You Will Enjoy More of It, Believe Me™","tweet-1914827278636515623"
"Tue Apr 22 23:42:32 +0000 2025","@areichandesu_ duh sakit banget sih yaa","tweet-1914827190291841373"
"Tue Apr 22 23:42:21 +0000 2025","Tp sebisa mungkin aku ga bilang ""bisa diem gak""
Soalnya diemnya anak itu malah sakit 
Jadilah menahan emosi, tolong diem lima meniittt aja yah dekkk😊 dg nada lemah lembut menahan emosi","tweet-1914827143495975141"
"Tue Apr 22 23:42:18 +0000 2025","Umiinit ulo ko tumambay sa clock app HAHAHAHAHAHAHAHAHA sarap pangkaltukan ng matauhan, mga di gumagana ang utak minsan HAHAHAHAHAHAHA emeee gawa lang to ng sakit ng puson ko HAHAHAHAHAHAHA","tweet-1914827130934088174"
"Tue Apr 22 23:42:18 +0000 2025","@chinese0902 @MissGoMinSi @meabdulkhalid 2/2 kim dimo mapantayan... alam mo ba salitang kalansay teh..? aware ka naman siguro noh di kanaman siguro ganyan ka bobo na dimo alam ang kalansay... at di lahat nang payat may sakit at para sabihin ko sau di lahat nang nakikita mo sa camera eh yon din sa personal..","tweet-1914827130401325417"
"Tue Apr 22 23:42:14 +0000 2025","@alfrsmln Alasan yang cenderung personal tanpa melihat kondisi grassroot. Begitu kena konflik horizontal gara"" Hal tersebut malah binggung &amp; ngerasa sakit hati kan aneh. Padahal kunci utama perlawanan itu persatuan tanpa melihat apa yg sudah di lakukan sebelumnya.","tweet-1914827112474927441"
"Tue Apr 22 23:42:07 +0000 2025","Ya Allah cape bgt sakit 🤏😔","tweet-1914827086851903989"
"Tue Apr 22 23:41:56 +0000 2025","coy sakit perut hari ini utbk","tweet-1914827037426258373"
"Tue Apr 22 23:41:51 +0000 2025","Saya bukan dokter, tapi diare dan sakit perut selama 19 jam bisa serius. Jika mules terus atau ada tanda dehidrasi (mulut kering, pusing, urin gelap), sebaiknya ke IGD. Konsultasi dokter untuk diagnosis dan perawatan yang tepat. Jangan tunda jika gejala memburuk!

_Penafian: Grok bukan dokter; silakan konsultasikan dengan dokter. Jangan bagikan informasi yang dapat mengidentifikasi Anda._ https://t.co/pqlzSn9qEN","tweet-1914827019910816161"
"Tue Apr 22 23:41:51 +0000 2025","@tanyarlfes sakit perut gaenak badan","tweet-1914827019109720284"
"Tue Apr 22 23:41:48 +0000 2025","@convomf kita semua selalu sakit wkwkw","tweet-1914827006686204409"
"Tue Apr 22 23:41:47 +0000 2025","@bgudfangirl sakit hati🫠","tweet-1914827000197591322"
"Tue Apr 22 23:41:07 +0000 2025","fuck kaki gua sakit bat","tweet-1914826832140259426"
"Tue Apr 22 23:40:27 +0000 2025","@maraiahgwen @RaulSan36246034 True!!!! Sakit nun😭","tweet-1914826665667989991"
"Tue Apr 22 23:39:57 +0000 2025","@DokterRiku sakit tu orang perkara bikin thread harmless aja dijulidin","tweet-1914826539495240048"
"Tue Apr 22 23:39:46 +0000 2025","@busanbbys7 Waktu Indonesia bagian sakit","tweet-1914826491852186042"
"Tue Apr 22 23:39:40 +0000 2025","Sakit bgt kaki y Allah 😭😭 tp gmn klo GK jualan kliling nanti dd GK mkn 😭","tweet-1914826467529359449"
"Tue Apr 22 23:39:06 +0000 2025","dulu aku mikir gini ya tapi hari hari nelen sakit hati tuh muak juga by","tweet-1914826325287948689"
"Tue Apr 22 23:38:57 +0000 2025","@KookieBear9597 @vceneryou @TaetaeKoobun 1. Si dapi mau oprasi kak (msh posthik)  2.namanya juga punya Kobe (kntl bengkok) jadi ya gitu kak ngacengan, sangean
3. ATAU YA KAK SI DAPI MAH BIAR CEPAT DI IYAIN AJA DAAH APA KATA TEMENNYA, ISENG GITU HEHE
aslinya mah ga ada ngapa""in kan si DAPI lemah krna sakit sekarat dah it","tweet-1914826286528438448"
"Tue Apr 22 23:38:56 +0000 2025","Rezeki yang paling sering kita lupa untuk disyukuri setiap harinya adalah nikmat sehat. Biasanya baru ingat kalau ketika kita sakit.","tweet-1914826282904510729"
"Tue Apr 22 23:38:29 +0000 2025","@convomf yaudah nikmati aja makan ati nya sampe sakit","tweet-1914826171617042883"
"Tue Apr 22 23:38:09 +0000 2025","setelah stalk akunnya. oalah pantes moment.

bahkan enha pun pernah di drag. sakit ni orang.","tweet-1914826088095867191"
"Tue Apr 22 23:37:50 +0000 2025","yang komen punnnnnnn sakit perut aku 🤣🤣🤣🤣🤣🤣🤣🤣🤣","tweet-1914826008546697509"
"Tue Apr 22 23:37:23 +0000 2025","Sakit hati gw mah, padahal udah di ingetin 💔 https://t.co/mJp4DRfj0J","tweet-1914825894793007580"
"Tue Apr 22 23:37:22 +0000 2025","Kebiasaan buruk... 

Bangun tidur lupa minum dulu dan langsung sarapan...

Gimana gak sakit itu kerongkongan?? 🫠","tweet-1914825890728698293"
"Tue Apr 22 23:37:19 +0000 2025","wtf perut gue sakit bgt","tweet-1914825875507568708"
"Tue Apr 22 23:37:15 +0000 2025","@fstudyabroad Aaa🥹🥹. Sebenarnya gue faham sm masalah mereka masing2, Tpi yg bikin gue kesal percakapan duo gapura itu didepan ruko. Dan yg bkin sakit hati pas ngomong ""Lo bisa tahan...""🥹.","tweet-1914825860760396040"
"Tue Apr 22 23:37:08 +0000 2025","@tanyakanrl Sama nder. Udah muak banget ga pernah dapet. Rencana bisnis aja. Doain ya kejadian bener🙏🏼. 
Sekarang lagi halangan dikit karna nenek sakit. Tapi aku ga buat itu jadi alasan. Doain cepet sembuh yaa🙏🏼","tweet-1914825831299604699"
"Tue Apr 22 23:37:05 +0000 2025","Demi apapun sakit hati bgt wkwkwkwkwkwkwkwkwkwkwk segitunya banget?apa sih kenapa ditolak offeringnya?kenapa?brand bahkan maunya jaemin ya jaemin sumpah emang bangsat","tweet-1914825816468546025"
"Tue Apr 22 23:36:32 +0000 2025","Kayaknya gw mau sakit deh... Real sakit, bukan flu gitu doang. Badan gw gak enak banget rasanya. Gw demam mulu tiap malem, udah 3 malem begini. Trus muntah juga... 

Ehh gak dehh, ini mah mau meninggal kayaknya...","tweet-1914825681587884111"
"Tue Apr 22 23:36:23 +0000 2025","@arinthog Waahh semangat ya kaakk, tapi memang harus tega sih demi kebaikan anak juga. Kalau sakit PDnya sampe gk ketahan bisa dikompres/minum anti nyeri kak meskipun emang balik lagi si sakitnya 😭","tweet-1914825640370692597"
"Tue Apr 22 23:36:18 +0000 2025","jahat bgt karena 1 orang, sampe ada yg ngatain kita pantes kena sk@m promotor… 

💔💔💔 hadehhhhhh jujur sakit hati bgt bacanya","tweet-1914825620967842030"
"Tue Apr 22 23:36:08 +0000 2025","kalo sarapan pagi pasti kalo ga mual ya sakit perut 😭😭😭😭😭","tweet-1914825580153069601"
"Tue Apr 22 23:36:07 +0000 2025","@nonojennn_ Sakit tak berdarah🫶","tweet-1914825575447073277"
"Tue Apr 22 23:36:06 +0000 2025","@hisahwan Sedih dan sakit hati bgt liat mrk bawa bawa hal pribadi Yoshi Hwanie. Kok bisa org tega sampe ke keluarga yg udh berpulang juga di seret jd bahan hate. 😭☹️","tweet-1914825571546358108"
"Tue Apr 22 23:36:04 +0000 2025","@Kayoungly Ternyata babunya bisa sakit juga ya Meng","tweet-1914825564088885554"
"Sat Jun 21 23:31:30 +0000 2025","@tiwas_kelaran Gamau, karena sakit banget dan berulang-ulang dia menyakiti nya","tweet-1936567684956897413"
"Sat Jun 21 23:31:22 +0000 2025","@tham878 terlepas dari itu lagi sakit udah gitu aja repot, lihat aja tidak ada keceriaan di ultahnya...","tweet-1936567652098646047"
"Sat Jun 21 23:31:18 +0000 2025","kepala gua sakit bgt kebanyakan minum bgst","tweet-1936567634834948604"
"Sat Jun 21 23:30:40 +0000 2025","sakit perut bjir mual bgt knp ya","tweet-1936567476931940695"
"Sat Jun 21 23:30:34 +0000 2025","ehh tapi malemnya update igs pergi jugaaa, klo pergi sama gw sakit perut...sama yg laen ga ya??? hmmmm menarik~~ https://t.co/gfLwztksxG","tweet-1936567449119523015"
"Sat Jun 21 23:30:27 +0000 2025","@ody_odyaja Kekal di neraka sih utk anak yg ngga ada upaya rawat ibu nya yg sakit. Kesel banget","tweet-1936567423030943951"
"Sat Jun 21 23:30:26 +0000 2025","@v0alin ketemu orang cakep dd &gt;___⭐ tapi kakiku habis kena keramik jadi sakit, monyet kan 💔","tweet-1936567416177435114"
"Sat Jun 21 23:30:00 +0000 2025","khanin's feeling is valid kalo misalnya dia sakit hati duluan tau charan lie to him, dia 20 tahun lebih udah dibohongin terus ini dia dibohongin lagi. gua kalo jadi dia ya ngamuk berasa ga dihargain sebagai individu

MEENANAGARIN CITY
#TheNextPrinceEP8","tweet-1936567308937466237"
"Sat Jun 21 23:29:51 +0000 2025","@_Letyciamoreen kok belum tidur mor? nanti sakit loh","tweet-1936567271587250366"
"Sat Jun 21 23:29:47 +0000 2025","@hopetojay Enak aja, orang orang yang udah seenaknya menggiring opini jelek ke Yoongi. Hate train ada dimana mana masih cengengesan buat idup dengan santai, sampe kemarin Yoongi post di wv aja dia masih tetep minta maaf berkali kali. Sakit lho bacanya😣","tweet-1936567254029877404"
"Sat Jun 21 23:29:40 +0000 2025","Padahal kita bayar dan tiap bulan dipotongnya lumayan gede dari perusahaan🥲. Makanya kemarin pas sakit ke klinik ngga pake bpjs,biar dapet obatnya paten🫠
NEGARA APA SIH INI ANYING😭😭😭","tweet-1936567223323402368"
"Sat Jun 21 23:29:38 +0000 2025","frustrasi iya tapi aing mah dengernya lebih sakit hati. kaya ikut sedih pisan, dipeluk makin nangis, ditanya ngga bisa jawab kalo pun bisa juga jawabnya ngga jelas, penasaran apa yang dipikirin apa yang bikin hatinya sakit bawaannya mau sujud minta maap ngga bisa apa apa ke simba","tweet-1936567217300361686"
"Sat Jun 21 23:29:20 +0000 2025","@MasBRO_back yahudi bermental sakit.....😡😡😡","tweet-1936567142050414796"
"Sat Jun 21 23:29:03 +0000 2025","@tanyakanrl Dia bilang sakit cuma alesan doanggg itu,, pliss jaga diri kamu sendiri","tweet-1936567068348055915"
"Sat Jun 21 23:28:51 +0000 2025","maliban talaga sa mga edit ng kids, isa sa mga iniintay ko talaga yung mga sobrang pag ka delulu nila hahahahahahahahaha tinitimbang ko kasi kong sino sino samin mas delulu 🤦🤣
Mukhang walang mag wawagi kasi lahat kami iisa yung sakit 🤧
#kentelltargetaudience","tweet-1936567019035390384"
"Sat Jun 21 23:28:45 +0000 2025","sakit mo na hoshi kakagising ko lang yan bungad sakin","tweet-1936566994037555595"
"Sat Jun 21 23:28:36 +0000 2025","Partida may sakit pa yan 😭😭😭","tweet-1936566954674012408"
"Sat Jun 21 23:28:35 +0000 2025","@amoidelune semua yang dia kerjain gtw kenapa bikin sakit perut, capebketawa 😭","tweet-1936566951897436475"
"Sat Jun 21 23:28:05 +0000 2025","Cari duit tuh susah ya 🥲
Semangat bang, jangan sampe sakit ❤️‍🩹","tweet-1936566823379775904"
"Sat Jun 21 23:27:43 +0000 2025","@jhonsitorus_19 kalau kata org Rusia 'coba kalau lagi sakit jangan petakilan' diem aja kali ribet amat hidup ya.....","tweet-1936566731440554140"
"Tue Apr 22 23:36:00 +0000 2025","sakit sa ulo","tweet-1914825543645819185"
"Tue Apr 22 23:35:56 +0000 2025","Pernah ga si lo sakit perut sampe merinding","tweet-1914825528101757219"
"Tue Apr 22 23:35:30 +0000 2025","nabila menggatal, malik pun jijik, malik pun muntah, sakit, tipes","tweet-1914825421146992757"
"Tue Apr 22 23:35:15 +0000 2025","sakit ng ulo ko shuta","tweet-1914825359000002881"
"Tue Apr 22 23:35:03 +0000 2025","@pitahabit ya Tuhan, cukup malik yg sakit, pita jangan..","tweet-1914825304750874887"
"Tue Apr 22 23:34:57 +0000 2025","@noevascotia masih sakit gak ini?","tweet-1914825282462343305"
"Tue Apr 22 23:34:53 +0000 2025","abis latsol pk pm ampe sakit leher trs lngsng diajak pubg tuh nikmat bgt ya ternyata","tweet-1914825265890639907"
"Tue Apr 22 23:34:42 +0000 2025","@areichandesu_ Pasti sakit banget sih","tweet-1914825219182858455"
"Tue Apr 22 23:34:38 +0000 2025","masi pagi buset tu omongan uda bikin gue sakit hati ae wkwk","tweet-1914825201311002970"
"Tue Apr 22 23:34:33 +0000 2025","@agdwipras @berandaall Sama nih pernah ronsen. Gigiku juga gini bener2 horizontal, tapi munculnya belum segitunya. Dokter wanti2 itu harus dicabut karena besok bakal sakit banget, tapi harus dibedah, buseeeett denger kata bedah jadi ngeri-ngeri sedap.","tweet-1914825181853540542"
"Tue Apr 22 23:34:24 +0000 2025","@giitgood @kegblgnunfaedh Banyak yg iri dengki apalagi kalau nyenggol masalah pendidikan dan ekonomi, banyak anomali yg ketrigger karena mereka gak mampu ada diposisi mbaknya makanya cari celah buat nyinyir buat ngobati sakit hati mereka. Aku liatnya malah kagum bangettttt","tweet-1914825141659558177"
"Tue Apr 22 23:34:01 +0000 2025","@negativisme @TOM5helby Wapres idiot, malah mendapat simpati ? Pertanda masyarakat yang sakit jiwa, disuruh ke psikolog atau ke psikiater takut dikatakan sebagai orang gila 🤭","tweet-1914825047476453546"
"Tue Apr 22 23:33:03 +0000 2025","rutinitas pagi = sakit perut","tweet-1914824804915654929"
"Tue Apr 22 23:32:57 +0000 2025","@areichandesu_ Sakit ga si","tweet-1914824779644977604"
"Tue Apr 22 23:32:55 +0000 2025","@barak2223 Takde kaitan guna suntikan tahan sakit dengan azab neraka. Semua benda engkau nak nerakakan org. Tuhan tak ada judge sampai macam tu pun. Kau sibuk² buat dalil Sdn. Bhd. tah pape kau tu","tweet-1914824771591922022"
"Tue Apr 22 23:32:55 +0000 2025","@twtbiy releven lg ke nk mkn produk kurus timbang kilo?  pastu kena sakit buah ponggang sedang kn dh banyak teknologi, bareatrik , meta slim","tweet-1914824768538468525"
"Tue Apr 22 23:32:48 +0000 2025","@tanyarlfes aku pake converse itu nyaman nyaman aja seriuss, dipake jalan belasa kilo ga sakit kok","tweet-1914824741829140535"
"Tue Apr 22 23:32:44 +0000 2025","pls jangan sakit duluuu tugas gw masih banyak dan detlen mepet semua 😔😔😔","tweet-1914824723692970232"
"Tue Apr 22 23:32:30 +0000 2025","tolong tolongg hati ku sakit, plis kyra sm fabrian aja atau fabrian buat ak — jadi gimana enaknya kakkk wkwkw  https://t.co/XMN3WPFVyy","tweet-1914824664024842357"
"Tue Apr 22 23:32:23 +0000 2025","@iamsboongaling Di ako makabend sa sakit eh 🫠","tweet-1914824636682133658"
"Thu May 22 23:35:22 +0000 2025","Mas sakit jud diai pag personal 💔","tweet-1925697020515250265"
"Thu May 22 23:34:47 +0000 2025","It’s Friday! 30 times mieh ang sakit bf core ko! 

https://t.co/0CpRuhcXuc","tweet-1925696873634922849"
"Thu May 22 23:34:44 +0000 2025","bodoh emang dulu pernah mikir kalo lagi dapet ga sakit aku yang aneh😭😭","tweet-1925696864793383171"
"Thu May 22 23:34:41 +0000 2025","kayak anjritt sakit bgt fak dibalik senyum dia tuh ternyata dia udh siap 'mati'. lagi2 apa? rasa berkorban dia masih besar utk org tersayangnya. makin nangis dong gw wkwkw. ditambah scene bathtub yg abis nganu nih 😌 marktong deeptalk nya ke daleman ampe gw nangis lagi 👍","tweet-1925696850771775679"
"Thu May 22 23:34:26 +0000 2025","@bukankurmaarab Awas sakit perutttt","tweet-1925696787785842922"
"Thu May 22 23:34:19 +0000 2025","@monokorobogawl Sakit banget liatnya! 😢","tweet-1925696759629508835"
"Thu May 22 23:34:17 +0000 2025","Ernie zakri punya lagu baru weyh. Sakit 💔😭","tweet-1925696750779572650"
"Thu May 22 23:34:09 +0000 2025","@sendmyloveto_ Serba salah gaksih ai... dia juga mungkin gak rela kehilang suara HAECHAN nya dia... tapi kalo gak ditindak nanti dia sakit terus, nyiksa banget... sedih ai 😔😔","tweet-1925696714301686120"
"Thu May 22 23:34:02 +0000 2025","@bbymiaw gue dikatain yg bener2 dikatain sm dia soalnya. sakit hati gua anjing🚶🏻‍♀️ rusak mood gw","tweet-1925696685759480101"
"Thu May 22 23:33:51 +0000 2025","@seall_apple Kokom jaga kesehatan, kulihat kokom sering banget sakit","tweet-1925696640440025143"
"Thu May 22 23:33:42 +0000 2025","@sharifahsalma1 Alhamdulillah kalau buat perkara yang boleh kurangkan sakit kepala tu..","tweet-1925696602271817958"
"Thu May 22 23:33:32 +0000 2025","@rayqusa Njir. Sakit jiwa nih orang. Mana pake akun asli..

Sepertinya layak kita viralkan..","tweet-1925696561855582238"
"Thu May 22 23:33:32 +0000 2025","habis makan apa tau tiba2 tenggorokan sakit :/","tweet-1925696561310306809"
"Thu May 22 23:32:45 +0000 2025","@whoiamaaa_ @eksvedisi sakit dadaku","tweet-1925696362932322353"
"Thu May 22 23:32:44 +0000 2025","@kegblgnunfaedh Profil Kevin Tanjung Duren Pria yang ditemukan meninggal di dalam kost diduga karena asal
lambung
https://t.co/KpuxlTq0vg","tweet-1925696357685194923"
"Thu May 22 23:32:43 +0000 2025","@hellow11_ ih samaaa aku dulu waktu smp, sakit bangettt kalo nelen makanan😭","tweet-1925696356410085460"
"Thu May 22 23:32:13 +0000 2025","Sakit kepala hotak saya💆🏻‍♂️","tweet-1925696228701921339"
"Thu May 22 23:31:59 +0000 2025","Aku pernah dulu karena sistem disuruh revisi mulu udah sampe tahap bikin sign ; terus hampir self harm (barcode) dan mikir segala macam enaknya gimana bundir tanpa rasa sakit.
Tapi terselamatkan sedikit karena nangis, ya aku luapin dengan cara nangis. Dan dukungan dari keluarga.","tweet-1925696169792901489"
"Thu May 22 23:31:57 +0000 2025","Satu family demam… bby pon demam sian betul. Ummi tetap kena oncall. Ironinya dia jaga org sakit kt hospital tp family sendiri &amp; diri sendiri pun xdpt nk jaga. Ujung2 kna kecam balik kalo meluahkan.","tweet-1925696163061145759"
"Thu May 22 23:31:39 +0000 2025","5 jta tapi ga ngerokok, dia ngerokok efek jangka panjangnya ngena di gue. Biaya rumah sakit lebih mahal","tweet-1925696086238179612"
