"created_at","id","text"
"Fri Feb 20 05:51:15 +0000 2026","tweet-2024723502214058280","Pahingi ng madaming pasensya ngayon araw natoh and sa mga susunod na araw. 😭

Pagod na pagod nako umitindi sa mga tao."
"Fri Feb 20 05:45:53 +0000 2026","tweet-2024722153225212002","@mwksiez HAHAHAHSHAAHA real daming absent samin lagnat daw"
"Fri Feb 20 05:13:09 +0000 2026","tweet-2024713914043552203","Pinaparusahan na naman ako sa mga kasalanan ko. Kung kelan talaga may ubo at sipon saka dinatnan. Kaya pala ang bilis ko na mairita. At sinakto pa talaga eh. Kada-ubo may bulwak shuta 😔🥴🫩"
"Fri Feb 20 05:10:47 +0000 2026","tweet-2024713320771834307","Kelan update thorrr 

— pagaling lang ako sa lagnat! and busy din kasi ako sa cbn since lapit na big night https://t.co/cL9n0Gkn93"
"Fri Feb 20 04:52:05 +0000 2026","tweet-2024708616088146177","dawet telasih bu dermi overrated trust me. Dawet Hj. Sipon much better"
"Fri Feb 20 04:15:06 +0000 2026","tweet-2024699305685324030","wtf ngayon ko narealize na sobrang dami kong ginawa this week to the point na hindi ko alam pagod na pagod na ako"
"Fri Feb 20 04:10:25 +0000 2026","tweet-2024698127949975691","puro gipang hilanat ya mga tao after bulang Hahaha"
"Fri Feb 20 03:50:25 +0000 2026","tweet-2024693095405846537","@gmanetwork Kaya naman pagod na pagod na pagod ang may anak ng may ari ng school makapaypay lang, buwis buhay

#CapEath #CapriceCayetano #HeathJornales"
"Fri Feb 20 03:39:24 +0000 2026","tweet-2024690321209381214","@bremaine_xoxo @MotaRosali92609 umiiyak w sipon yan sha"
"Fri Feb 20 03:32:08 +0000 2026","tweet-2024688493977645400","tgina nyo ssg at usg sumasabay pa kayo sa lagnat ko"
"Fri Feb 20 03:06:43 +0000 2026","tweet-2024682099396198708","pagod na pagod narin kakaisip hays"
"Fri Feb 20 02:58:55 +0000 2026","tweet-2024680132724850916","pagod na pagod nako 😭😭😭"
"Fri Feb 20 02:50:49 +0000 2026","tweet-2024678096251809850","lahat ba may ubo’t sipon at sore throat 🤣"
"Fri Feb 20 02:48:40 +0000 2026","tweet-2024677555014684860","Grabe di na nawalan ng lagnat every month ba to? umaaaaay sa mga gamot😭"
"Fri Feb 20 02:37:43 +0000 2026","tweet-2024674800283897938","last year parang di ako nagka-colds pero this year twice na ako nagka-sipon 😣 wag naman sana monthly to ano po"
"Fri Feb 20 02:34:56 +0000 2026","tweet-2024674100560752951","Ubo Sipon, Deserved! Laagan mn😂"
"Fri Feb 20 02:13:53 +0000 2026","tweet-2024668803398062147","🤧😷

Grabe tong sipon at ubo na to nkklk"
"Fri Feb 20 01:56:25 +0000 2026","tweet-2024664404533662198","@ohsipon banyak tingkah bgt sipon."
"Fri Feb 20 01:39:34 +0000 2026","tweet-2024660165300257057","sakit tangina huhu pls kung magkakasakit ako kahit sipon na lang wag na ubo 🥹🙏"
"Fri Feb 20 01:17:26 +0000 2026","tweet-2024654594065027161","fresh pa rin kahit may lagnat sana all"
"Fri Feb 20 01:09:57 +0000 2026","tweet-2024652711006982517","Next year na uli yung lagnat na to"
"Fri Feb 20 01:06:19 +0000 2026","tweet-2024651797974176083","Di naman ako pa pinapapawisan pero di ako lagnat"
"Fri Feb 20 01:06:14 +0000 2026","tweet-2024651777266897239","@mysolacesvt13 no po! almost same din po ang contents ni decolgen at tuseran!

depende na lang po kung ano nararamdaman ni patient. yung decolgen po ay para sa may sipon (kaya siya may chlorphenamine maleate) at ang tuseran ay para sa may ubo (may dextromethorphan hbr)."
"Fri Feb 20 00:59:25 +0000 2026","tweet-2024650059892347171","ang unfair grabe kapag ako may lagnat parang pinaparusahan ako ng lahat ng santo tas si bading ganto kaganda? https://t.co/OLZk3zdeLO"
"Fri Feb 20 00:55:19 +0000 2026","tweet-2024649029066612890","ano bang sipon to mag 2 weeks na mabigat pa din"
"Fri Feb 20 00:54:03 +0000 2026","tweet-2024648709678780565","今週でもギリマウント届きそうだけど来週の方が楽だし来週に回そう"
"Fri Feb 20 00:09:45 +0000 2026","tweet-2024637564012155254","40 lagnat q plus suka agad pag gising hahah naunsa nako"
"Thu Feb 19 23:53:40 +0000 2026","tweet-2024633515837706688","bakit march 8 pa ang start ng DST???????? pagod na pagod na ang oat na ito"
"Thu Feb 19 23:42:56 +0000 2026","tweet-2024630812612902937","pagod na pagod na mag calls, ubos na empathy ko kingenuh"
"Thu Feb 19 22:06:07 +0000 2026","tweet-2024606449121579221","Welcome back sipon"
"Thu Feb 19 21:39:00 +0000 2026","tweet-2024599626138161245","Bshet na hagdan sa brokeeeee gi hilanat ko"
"Thu Feb 19 21:16:23 +0000 2026","tweet-2024593934266290485","Another sipon gaming  but need to wok hayys"
"Thu Feb 19 21:04:03 +0000 2026","tweet-2024590830905053517","Para may sinat ako"
"Thu Feb 19 20:38:01 +0000 2026","tweet-2024584277258883268","pagod na pagod na po ako huhu"
"Thu Feb 19 20:26:27 +0000 2026","tweet-2024581368609751303","Ito na lagnat na"
"Thu Feb 19 20:20:47 +0000 2026","tweet-2024579941111849291","pagod na pagod na ako :{"
"Thu Feb 19 19:54:11 +0000 2026","tweet-2024573245752770966","Pagod na pagod na ang eabab na i2 sa engineering 😣 Sana makawala na sa NUFV next year 🤞🏼"
"Thu Feb 19 19:22:23 +0000 2026","tweet-2024565246065856712","basag sa sipon"
"Thu Feb 19 18:50:09 +0000 2026","tweet-2024557133191389448","please pagod na pagod nako 😭"
"Thu Feb 19 18:46:58 +0000 2026","tweet-2024556329898299643","pms x lagnat x exam week big is te na dis"
"Thu Feb 19 18:06:29 +0000 2026","tweet-2024546144291082527","hahahaha epal sipon amp https://t.co/sewRfi1DAJ"
"Thu Feb 19 17:42:22 +0000 2026","tweet-2024540074994729136","kaya ko ba toh? pagod na pagod na ang girly na toh :("
"Thu Feb 19 17:29:57 +0000 2026","tweet-2024536947662999933","Lagnat na nga, nagpupuyat pa 👍🏿"
"Thu Feb 19 17:16:22 +0000 2026","tweet-2024533530521587788","@GlowingHeart_13 May sipon din ako huhu"
"Thu Feb 19 17:16:02 +0000 2026","tweet-2024533446706811375","Me rn dahil may sipon"
"Thu Feb 19 17:04:18 +0000 2026","tweet-2024530493979660313","Kainis na sipon to"
"Thu Feb 19 16:56:01 +0000 2026","tweet-2024528411331616983","Sakit sa ulo netong sipon ko ngayon. 😫"
"Thu Feb 19 16:39:57 +0000 2026","tweet-2024524367334691304","+ trangkaso and lagnat"
"Thu Feb 19 16:39:17 +0000 2026","tweet-2024524198195155283","Myyy head is aching because of my sipon.😵‍💫🫨"
"Thu Feb 19 16:35:50 +0000 2026","tweet-2024523329710018739","un🔑🔓 bukas na lang poooi paguwi. pagod na pagod na si mæm, wala pa nga eh 🥲"
"Thu Feb 19 16:29:16 +0000 2026","tweet-2024521679289143323","hindi ako makatulog sa sipon ko :(("
"Thu Feb 19 16:25:19 +0000 2026","tweet-2024520682143649980","kung kelan talaga pagod na pagod eh noh?"
"Thu Feb 19 16:19:28 +0000 2026","tweet-2024519212849582340","Araw araw nalang lagnat pota"
"Thu Feb 19 16:14:30 +0000 2026","tweet-2024517960799601151","parang pagod na pagod si Alex😭"
"Thu Feb 19 16:13:48 +0000 2026","tweet-2024517787809697914","And planning di pumasok bukas? Kasi mugtong mugto na mata ko to the extent di na makahinga dahil sa sipon at ubo😔"
"Thu Feb 19 16:09:48 +0000 2026","tweet-2024516779758817321","@Shararti_Ai E log sirf pisay sai mutasir hai chahai fargon q na hon inka zameer main sirf pisa hai aur hamary jisa log maryam nawaz zardari jisay logo kai pisay pai lagnat baijdai hai e"
"Thu Feb 19 15:58:14 +0000 2026","tweet-2024513867624431975","sa sobrang fast-paced sa audit, para akong tumanda ng 5yrs in the span of 7 months. pagod na pagod na ako. 😔"
"Thu Feb 19 15:51:18 +0000 2026","tweet-2024512121850208279","PAGOD NA PAGOD NA PO AKO LORD😭"
"Thu Feb 19 15:50:45 +0000 2026","tweet-2024511983702462878","pagod na pagod si disney prince pero kailangan paring kumayod upang makapag-ipon para sa birthday ng lola niya 😌"
"Thu Feb 19 15:35:21 +0000 2026","tweet-2024508107477692614","Naalala ko yung lyrics na "" Minsan gusto kong mag magsumbong Sayo ,Kapag Pagod na pagod na ako.""

#SanggreAwaitedReunion
#AvisalaAmihan
KYLIE PADILLA https://t.co/YsvMwmjijd"
"Thu Feb 19 15:35:06 +0000 2026","tweet-2024508047268467060","PAGOD NA PAGOD NA PAGOD"
"Thu Feb 19 15:31:34 +0000 2026","tweet-2024507158969405867","aa hirap patulugin ng lagnat na'to"
"Thu Feb 19 15:27:54 +0000 2026","tweet-2024506233433289120","inaantok na ako pero hindi makatulog amp dalawang oras lang tulog ko kagabi tapos ayaw pa matulog ng katawan ko kahit pagod na pagod na ako no ba yan"
"Thu Feb 19 15:20:08 +0000 2026","tweet-2024504281907568941","pagod na pagod na ako"
"Thu Feb 19 15:16:11 +0000 2026","tweet-2024503285391183925","jusko! pagod na pagod si Nick Jonas sau boi! hahahaha"
"Thu Feb 19 15:12:22 +0000 2026","tweet-2024502324425810279","Here we are with midnight consults at the er. 
Na and chief complaint ay “sipon na 2 years na”. 

Ayaw ko talaga mag beast mode Pero. Lord! 
Kausapin mo naman yung patient, wag lang si st Alvin. Hahaha"
"Thu Feb 19 15:07:14 +0000 2026","tweet-2024501035520385273","fuck sipon"
"Thu Feb 19 15:01:48 +0000 2026","tweet-2024499665782395157","pag mali mali na ang nacaption ko, xori in advance at ako’y pagod na pagod na 🤗🤗"
"Thu Feb 19 14:58:46 +0000 2026","tweet-2024498900925919523","ehh sobrang tahimik ko din kase nga may ubo at sipon ako so tahimik din sya, pero may conversation pa din naman kame. tas simula nung naka tabi ko Yan lagi na yang nainom sa tumbler ko"
"Thu Feb 19 14:54:50 +0000 2026","tweet-2024497911535718662","please lang maging wais at matalino sana tayo sa pag boto, pagod na pagod na ako mag trabaho tapos kakaltasan ka ng napaka laki govt ""benefits"" na hindi naman tayo nakikinabang!"
"Thu Feb 19 14:53:56 +0000 2026","tweet-2024497685525627307","@huntsporky muff nag 2026 nalang, may ubo’t sipon ka pa rin"
"Thu Feb 19 14:32:28 +0000 2026","tweet-2024492284402896917","I need a bever buff rn dalawang linggo na akong pagod na pagod mag-aral 😭 awa na lang sakin"
"Thu Feb 19 14:29:26 +0000 2026","tweet-2024491522956415216","Arrived at Baguio around 7am
Had a meeting with Brgy Cap. around 9am-11am
SLU Errands plus Tutoring for Article Publishing around 1pm-5pm
Master Class by 6-9pm

Leave Baguio by 11pm!
Pagod na pagod katawang lupa ko and utak https://t.co/XZicddVHZT"
"Thu Feb 19 14:25:17 +0000 2026","tweet-2024490477882634272","pagod na pagod na pagod na pagod na pagod na pagod"
"Thu Feb 19 14:24:22 +0000 2026","tweet-2024490246277386740","Pagod na pagod na ako, parang awa nyo na please. Let me go. Let me go."
"Thu Feb 19 14:15:47 +0000 2026","tweet-2024488084361085400","Assessment na nila bella sa reading ugma gi lagnat pa ang babaje🥺"
"Thu Feb 19 14:07:46 +0000 2026","tweet-2024486069774012769","@talmejes kala ko naiinitan sila? bakit parang nilalamig tong dalawa sa sobrang dikit"
"Thu Feb 19 14:06:55 +0000 2026","tweet-2024485855017259042","Bwisit na sipon 👊🏻"
"Thu Feb 19 14:05:49 +0000 2026","tweet-2024485576049906096","grabe lagnat nako uy pa 40 namani unta mag suspend klase ugma"
"Thu Feb 19 13:59:38 +0000 2026","tweet-2024484019640160466","tangina, legit 'yong pagod today hayop. pagod na pagod mata ko, katawan ko, lahat na!"
"Thu Feb 19 13:53:46 +0000 2026","tweet-2024482543635169758","lagnat na naman🤒"
"Thu Feb 19 13:52:15 +0000 2026","tweet-2024482161630536006","Pede na ang C2 Gin, tagtag lagnat."
"Thu Feb 19 13:40:24 +0000 2026","tweet-2024479179878912303","iyak aq ayaw na mawala mg sipon ko 😿"
"Thu Feb 19 13:33:47 +0000 2026","tweet-2024477517193892040","Pusta ko nakangiti pa si Cy kahit mahawaan na siya ng lagnat ni Yen. 🤣 https://t.co/JrrdRkSfOR"
"Thu Feb 19 13:30:22 +0000 2026","tweet-2024476656656929184","pagod na pagod ang ferson na ito today 😫"
"Thu Feb 19 13:26:22 +0000 2026","tweet-2024475651609416085","Pagod na pagod na naman ako tas wala pa akong friends at jowa. Iyak na lang malala"
"Thu Feb 19 13:26:19 +0000 2026","tweet-2024475638330249663","Sensya na guys, ang ingay ko today
May lagnat kasi, awit"
"Thu Feb 19 13:23:16 +0000 2026","tweet-2024474869048758675","Pesteng sipon na to."
"Thu Feb 19 13:18:53 +0000 2026","tweet-2024473764805898563","walang lagnat ang makakapagpigil sa taong miss na si ryul"
"Thu Feb 19 13:12:17 +0000 2026","tweet-2024472107070214189","lagnat ulet dahil sa vaccine 😫"
"Thu Feb 19 13:11:55 +0000 2026","tweet-2024472012039868577","pagod na pagod ako grabe"
"Thu Feb 19 13:09:19 +0000 2026","tweet-2024471359309697535","may ubo’t sipon narin ba ang lahat?😭"
"Thu Feb 19 13:06:52 +0000 2026","tweet-2024470741241254341","@PhilippineStar sana alam ng nanay ko na pagod na pagod na ako sa kanya"
"Thu Feb 19 12:59:13 +0000 2026","tweet-2024468817519485403","Dami ko pwede makuha ngayong February sipon pa talaga hano!"
"Thu Feb 19 12:58:44 +0000 2026","tweet-2024468696404754509","Speaking of AJAA, grabe LSS ko Ako Na. Especially sa first line ni @toothplate7_ . Nakaka-adik singing voice nya. Yung parang may sipon kind of voice hehe. Basta, bet ko boses nya! Ang ganda! Especially na his voice reminds me of Mashiho huhuhu"
"Thu Feb 19 12:53:31 +0000 2026","tweet-2024467382497145012","pagod na pagod na pagod nako sa ganto"
"Thu Feb 19 12:52:52 +0000 2026","tweet-2024467219879739454","ginatrangkaso lala nga ubo kag sipon + gaulan + naulanan + may 2 major quizzes bwas + nagkaregla = patya nalang ko"
"Thu Feb 19 12:52:12 +0000 2026","tweet-2024467051725934802","wala na panlasa dahil sa ubo’t sipon 😖"
"Thu Feb 19 12:48:58 +0000 2026","tweet-2024466238676881515","@fighting_laban Pagod na pagod na ako manghula hahaha bulong mo nalang

CAPGO THURfectMatch
CAPGO THURfectMatch
CAPGO THURfectMatch"
"Thu Feb 19 12:48:44 +0000 2026","tweet-2024466178866106601","Pagod na pagod utak ko tapos tambak pa work ko now. 🤧😭 https://t.co/GnO9a25azL"
"Thu Feb 19 12:25:00 +0000 2026","tweet-2024460207087337575","thank you GOD huhu pagod na PAGOD na ko sa overextension ng winter!!! https://t.co/CXeZ4BNlmC"
"Thu Feb 19 12:23:43 +0000 2026","tweet-2024459881705873590","グエー白鳥さん上がれんかったか"
"Thu Feb 19 12:23:04 +0000 2026","tweet-2024459721353417164","Sakin kapa dumapong lagnat ka awitt sayo🤧"
"Thu Feb 19 12:22:00 +0000 2026","tweet-2024459451479314622","@vshiqrk pagod na pagod na pagod na pagod na ko jo"
"Thu Feb 19 12:19:12 +0000 2026","tweet-2024458745456271724","TAENA PAGOD NA PAGOD NA AKO HSHSHSHAAHAHAHAHAHAHA YUNH LIKOD KOOOO"
"Thu Feb 19 12:01:21 +0000 2026","tweet-2024454254346588517","mga ganitong pagkakataon ko kailangan ng boyfriend e huhu may lagnat ako, sobrang sakit ng ulo ko, wala pang kanin sa katawan, mag-isa sa dorm, paubos na gamot huhu ano gagawin, mamatay na lang?😭"
"Thu Feb 19 11:57:37 +0000 2026","tweet-2024453315111821753","Parang pagod na pagod ako sa week na ‘to. Buti nalang fri na tom 

ROJA MYSTERY UNFOLDS

#ROJAMastermindRevealed
#DonnyAsLIAM"
"Thu Feb 19 11:54:48 +0000 2026","tweet-2024452607545397758","miss ko na si ryul guys😢 tanginang lagnat to"
"Thu Feb 19 11:46:51 +0000 2026","tweet-2024450604006031627","PAGOD NA PAGOD NA KO"
"Thu Feb 19 11:45:47 +0000 2026","tweet-2024450337994862633","dutlan paman diay tag hilanat hahahahah ge"
"Thu Feb 19 11:45:04 +0000 2026","tweet-2024450156754850270","mga ads, hahaha xori pouh at hindi ako makapag tp ng maayos. yung lagnat ko kase sagabal huhu  :( 

ASHRAVE THUREASURED MOMENTS
#All4ArwenAshley"
"Thu Feb 19 11:40:46 +0000 2026","tweet-2024449075689693684","Ang tagal ko bago magka'sipon pero ang lala ngayon. 😰"
"Thu Feb 19 11:35:50 +0000 2026","tweet-2024447835085951334","kalala ng saltik kapag may lagnat"
"Thu Feb 19 11:31:31 +0000 2026","tweet-2024446747842629688","my lagnat aq piste"
"Thu Feb 19 11:27:42 +0000 2026","tweet-2024445784796868867","PARANG MAWALA LAGNAT KO MAY FFY UD SHETHSHSHSHS"
"Thu Feb 19 11:22:56 +0000 2026","tweet-2024444586228375896","DDJEJDNNDNE tangina yung tipong pagod na pagod ka na tapus masakit na rin katawan mo pero biglang susulpot kaya todo pasikat ka tangina"
"Thu Feb 19 11:20:28 +0000 2026","tweet-2024443967748919731","Combo combo ba yung sipon, lagnat, ubo, pagdudugo at sakit ng ulo at puson"
"Thu Feb 19 11:15:22 +0000 2026","tweet-2024442682278629663","Hahahaahha may lagnat ako today, natanggal dahil dito.  kasi cutie smiley smiley lang si cap sa ibang hm’s tapos kay alat pinapagalitan na para bang mhie at dhie ang tawagaaan??! #Capkrys"
"Thu Feb 19 11:12:27 +0000 2026","tweet-2024441948476756051","Lala ng baradong ilong 😭🤧🤧"
"Thu Feb 19 11:02:51 +0000 2026","tweet-2024439532368888154","仕事のストレスを1,100円で解消してくれるせんべろ屋さん、すき。"
"Thu Feb 19 10:54:37 +0000 2026","tweet-2024437459627757623","@vshiqrk pagod na pagod 😢"
"Thu Feb 19 10:41:31 +0000 2026","tweet-2024434164632821986","@nkniini pagod na pagod"
"Thu Feb 19 10:37:35 +0000 2026","tweet-2024433172520587693","Tangina pagod na pagod ako"
"Thu Feb 19 10:32:25 +0000 2026","tweet-2024431874408665488","Inuwi ko yung tax para mag review after preboards pero heto ako ngayon mag friday na bukas pero pagod na pagod pa rin. Rest na lang talaga 🥲"
"Thu Feb 19 10:29:14 +0000 2026","tweet-2024431072935891437","pagod na pagod na mga magulang mo sayo nak"
"Thu Feb 19 10:27:43 +0000 2026","tweet-2024430691921121619","pa rant lang plss😭 pagod na pagod na ako dito sa accountancy😭😭"
"Thu Feb 19 10:26:32 +0000 2026","tweet-2024430391684366529","hoay akala ko naman gagaling na ko nang tuluyan kapag nakita ko na results. parang ngayon pa lang yata magsisimula ang lagnat ko 🫩"
"Thu Feb 19 10:26:10 +0000 2026","tweet-2024430301381058759","@newswatchplusph Kung wala po kayong ipa-paskel kung hindi yung kwento nung mga alagad nung naka kulong sa The Hauge, maari po ba, paki tanggal na yung NEWS sa name ninyo? Hindi naman po mahirap 'amuyin' yung PR e. Opo, kahit po may sipon maaamoy iyan."
"Thu Feb 19 10:19:48 +0000 2026","tweet-2024428699094044793","Triny kong maging positive sa lahat ng bagay pero nananaig na talaga yung negativity sa mundong ito.

Marami akong nakikitang tao na nagsa-suffer, at pagod na pagod na mag-survive sa buhay na walang kasiguraduhan. Para kang sumusuntok sa hangin, at lumalakad ng walang landas."
"Thu Feb 19 10:17:33 +0000 2026","tweet-2024428133945127067","it’s a bad idea to watch a sad kdrama habang may sipon 💀"
"Thu Feb 19 10:05:15 +0000 2026","tweet-2024425037428904438","taas ng lagnat ko jusko"
"Thu Feb 19 09:46:53 +0000 2026","tweet-2024420415079403973","Juskoooo, pagod na pagod ako ngayong araw"
"Thu Feb 19 09:42:40 +0000 2026","tweet-2024419354692210691","pagod na pagod me"
"Thu Feb 19 09:36:13 +0000 2026","tweet-2024417731072971259","Pagod na pagod si Fifi sa kagagawan niya. HAHAHAHA. Teh regalo na di mo pa mapatay patay. Susko ka"
"Thu Feb 19 09:33:48 +0000 2026","tweet-2024417123863580897","pagod na pagod na HAHAHA"
"Thu Feb 19 09:31:37 +0000 2026","tweet-2024416575043096853","@colextinn WAHHHHH NAUBOS NA TISSUE KO SA SIPON AT LOHA"
"Thu Feb 19 09:19:20 +0000 2026","tweet-2024413483446775986","HOY KAKAUWI KO LANG AT TALAGANG PAGOD NA PAGOD AKO PERO KAILANGAN KO PANG MAG REVIEW PERO PARANG ETONG VID NA TO NA ANG TATATAK SA UTAK KO HABANG NAGREREVIEW YAWA BAKA WILBEA ANG MASAGOT KO BUKAS SHET"
"Thu Feb 19 09:09:39 +0000 2026","tweet-2024411045998248226","hoshingi 🥺🥺🥺 may sipon ang bebe"
"Thu Feb 19 09:04:55 +0000 2026","tweet-2024409852827799605","Tangina. Pagod na pagod na ako dahil lang sa isang oras na interval sa connecting flight from TAC-MNL-ILO 😭"
"Thu Feb 19 08:59:36 +0000 2026","tweet-2024408514618413372","tangina pagod na pagod ako since kagabi na triple yung pagod ko today 😭😭😭"
"Thu Feb 19 08:44:39 +0000 2026","tweet-2024404754496196975","pagod na pagod na sa life"
"Thu Feb 19 08:13:44 +0000 2026","tweet-2024396971856056679","Pokinginang aya ng pamilya to, hiking?!?!? Pagod na pagod pa nga ako tapos hiking?!? Punye—"
"Thu Feb 19 08:08:15 +0000 2026","tweet-2024395593624539337","ano nga ulit kayo? HINDEEEEEEE HAHAHAHAHAHAHAHAH tapos lagnat kayo parehas next day 🫩"
"Thu Feb 19 08:02:03 +0000 2026","tweet-2024394033418907674","tulo sipon ko kay joshua, belle at ms maricel ueueue lalo na sa part ni joshua sa confrontation nila ni piolo nung binenta ni mama baby yung lechunan"
"Thu Feb 19 07:45:57 +0000 2026","tweet-2024389981876474029","Coping mechanism mo ba yon boi, kasee  pagod na pagod na pagod na talagaaa meee"
"Thu Feb 19 07:26:07 +0000 2026","tweet-2024384989010522428","Gagi. Biglang may lagnat ako. 🥹 so tayerd!"
"Thu Feb 19 07:01:17 +0000 2026","tweet-2024378740479054136","@japbikecommuter Kainis jap jap my sipon nnmn ako so pag naamoy ko si siispunun ako sorry if bumahaing ako"
"Thu Feb 19 06:45:50 +0000 2026","tweet-2024374854045344010","Pag ganitong tamad ako pinilit ko sipagin magkakasakit ang mga bat yong baglaang lagnat na di nababago"
"Thu Feb 19 06:31:07 +0000 2026","tweet-2024371149979996568","grabe ang sipon ko ba"
"Thu Feb 19 06:26:32 +0000 2026","tweet-2024369997313946033","juskong aso to 😭 pagod na pagod n kami pumunta sa bahay ng kapitbahay namin sa kalikutan niya"
"Thu Feb 19 06:09:56 +0000 2026","tweet-2024365819757789653","Tangina. Di na tumigil sipon at luha ko teh! 😭
#MeetGreetAndBye
#BelleMariano https://t.co/k7fT6iQZNS"
"Thu Feb 19 05:44:58 +0000 2026","tweet-2024359534400352763","Next week na ulit yung lagnat"
"Thu Feb 19 05:35:51 +0000 2026","tweet-2024357239616917781","pagod na pagod na ko mag hanap ng photos 😫😭

dun talaga tumatagal ud guys hahahaha"
"Thu Feb 19 05:34:43 +0000 2026","tweet-2024356956618809583","lalong lumalala yung lagnat ko sa mga nangyayare haaaaa"
"Thu Feb 19 05:26:54 +0000 2026","tweet-2024354987997077549","Ubo sipon ug kalintura tama na 😭🤧"
"Thu Feb 19 05:02:52 +0000 2026","tweet-2024348940880257502","Lagnat after pb is real"
"Thu Feb 19 04:56:21 +0000 2026","tweet-2024347299401650338","Itong super saiyan yung isa sa mga songs nila na kahit pagod na pagod ka, nagiging hyper ka padin kapag pini-perform na nila on stage!!! 

#G22TheFirstConcert @G22Official"
"Thu Feb 19 04:54:03 +0000 2026","tweet-2024346721539784804","Parang lalo lumala lagnat ko?!?!???"
"Thu Feb 19 04:47:23 +0000 2026","tweet-2024345044858393020","@fushigi_oke Bata pa yan lalo kung ikukumpara sa trentahin mo ng idolet. Masyado kang insecure palibhasa kung ganda at galing sa pag-arte ang labanan siguradong ingungod lang idolet mong pabebe at may boses sipon ngongo acting lang ang alam. 🤭"
"Thu Feb 19 04:42:09 +0000 2026","tweet-2024343727322653075","@liveluvlhi tama na to, pagod na pagod nako"
"Thu Feb 19 04:40:26 +0000 2026","tweet-2024343295556800912","tangina naiiyak na nga ako sa lagnat habang nahihilo sa daan. may lalaki pa talagang hahawak sa chest ko ng biglaan? how cruel can this world be to me."
"Thu Feb 19 04:37:57 +0000 2026","tweet-2024342670261534780","Pagod na pagod na po ako"
"Thu Feb 19 04:29:54 +0000 2026","tweet-2024340643045396945","Thursday pa lng pagod na pagod na ako🥺"
"Thu Feb 19 04:25:31 +0000 2026","tweet-2024339539385602492","Natayyy takdan gud sa hilanat"
"Thu Feb 19 04:03:52 +0000 2026","tweet-2024334090053537813","kung kilan talaga report na namin sa Friday tska pa lumabas 'tong sipon na 'to ;(("
"Thu Feb 19 04:00:00 +0000 2026","tweet-2024333117952045415","Muling tinurong dahilan ni dating pangulong Rodrigo Duterte ang panghihina ng kaniyang katawan sa planong hindi pagdalo sa confirmation of charges hearing ng ICC.

Kaugnay na ulat: https://t.co/TuhXq4KCnM https://t.co/WQIsrzBZyb"
"Thu Feb 19 03:50:25 +0000 2026","tweet-2024330706739139039","PAGOD NA PAGOD NA AKO PARA LANG SA WALA"
"Thu Feb 19 03:38:44 +0000 2026","tweet-2024327768688009598","okay tulog lang pala lagi pampagaling ng sipon ko"
"Thu Feb 19 03:33:43 +0000 2026","tweet-2024326504730284343","As someone na may sinus napalahirap bukod sa laging sipon sumasakit pa Yung ulo ko"
"Thu Feb 19 03:16:06 +0000 2026","tweet-2024322071225143343","@paulaisabear @CosyCatCauldron Wala ako kinalaman sa Sipon nyo. 🤣🤣🤣"
"Thu Feb 19 03:15:56 +0000 2026","tweet-2024322028271247543","POTAENAAAA KAILANGAN KO GUMALING JUSQ PLS PO MAWALA NA SANA ITONG UBO AT SIPON ILABAS NIYO NA LAHAT TODAY AHSHFAHSDHHDSHHA 😭😣"
"Thu Feb 19 03:12:16 +0000 2026","tweet-2024321108154241445","nakakainis di na ko nilubayan ng ubo at sipon 🤧"
"Thu Feb 19 02:38:27 +0000 2026","tweet-2024312597336486188","nhgnghnh i keep getting waves of sickness. monday it was lots of sneezing and cold symptoms. yesterday was dripping sipon and coughing. today is more sneezing, coughing, and headaches 😭"
"Thu Feb 19 02:10:02 +0000 2026","tweet-2024305444869804215","aguy inin na sipon juskopo"
"Thu Feb 19 02:01:10 +0000 2026","tweet-2024303213684674851","To Direk Kip, I hope you're proud. All the workshops paid off. You see, may sipon pa 🥺😭

#KlarisseDeGuzman 

https://t.co/5sbfKRAV3G"
"Thu Feb 19 01:43:00 +0000 2026","tweet-2024298643285823576","pagod na pagod na ako putangina"
"Thu Feb 19 01:35:51 +0000 2026","tweet-2024296843514179639","@CosyCatCauldron final na? nag give in ka na? sinu na bias line mo? yung sipon, ako rin, grabe na! ang lakas ng virus ni jen @LadyMoby"
"Thu Feb 19 01:28:57 +0000 2026","tweet-2024295105499451408","Matagal pa ba tong February, kase pagod na pagod na akooo"
"Thu Feb 19 01:16:59 +0000 2026","tweet-2024292093779472602","Sipon na naman?"
"Thu Feb 19 01:15:39 +0000 2026","tweet-2024291758193201618","tama na please maawa naman kayo pagod na pagod na kami oh wag niyo na kami idamay sa kalokohan niyo"
"Thu Feb 19 01:14:18 +0000 2026","tweet-2024291417993204072","Ngayon pa nag ka lagnat wtf"
"Thu Feb 19 01:12:15 +0000 2026","tweet-2024290904950132801","Shet may sipon pa rin ako 😭 at PCD 😭 at bagong bias line pisteh 😭"
"Thu Feb 19 00:44:23 +0000 2026","tweet-2024283888810676439","awits yung lagnat nato nakikipag laro🤦"
"Thu Feb 19 00:34:58 +0000 2026","tweet-2024281519884554481","pagod na pagod na ‘ko, sana ma-baby na 🥺🥺"
"Thu Feb 19 00:13:41 +0000 2026","tweet-2024276165863825425","Anong good sa morning kung pagod na pagod na agad ako? 🫠"
"Thu Feb 19 00:05:13 +0000 2026","tweet-2024274032640630975","Parang pagod na pagod ako todae. 🙄"
"Thu Feb 19 00:03:12 +0000 2026","tweet-2024273526392586517","@showandSTELL Ahaha parang pagod na pagod"
"Wed Feb 18 23:47:07 +0000 2026","tweet-2024269479749005557","pagod na pagod ang menties at admins ng mikbrent pero bnubusog ni @mikslmnc ung solids at mikwill (iisa lang pla yan MWIHIHIHI) walang pkialam sa menties, pagod na nangnongs , pikon na pikon na sa kalandian nya sa PG. @mikslmnc user. Landian nila ni jowa/bunso4lyf ang prio."
"Wed Feb 18 23:42:08 +0000 2026","tweet-2024268222711964053","Di makaramdam HR, tignan nyo itsura ng mga empleyado. Alas siete pa lang, pagod na pagod na. Hahaha. Bawasan ang onsite schedule leche"
"Wed Feb 18 23:30:21 +0000 2026","tweet-2024265257657782534","HOY HINDI NA UMUUBRA YUNG ALONE BUT NOT LONELY. MAY MGA ARAW TALAGA TEH NA GUSTO KO NG KAUSAP LALO KAPAG PAGOD NA PAGOD KA SA LIFE AYVAA WORK. YUNG MAKIKINIG LANG SAYO TAPOS IHA-HUG KA."
"Wed Feb 18 23:21:43 +0000 2026","tweet-2024263088493756742","Sana gumaling na tong ubo at sipon ko"
"Wed Feb 18 22:45:49 +0000 2026","tweet-2024254051010134440","lagnat nga itooo"
"Wed Feb 18 22:33:03 +0000 2026","tweet-2024250840572465601","Pagod na pagod na ko gusto ko nang umuwi miss ko na bahay namin. Lord i need some rest pls"
"Wed Feb 18 22:17:28 +0000 2026","tweet-2024246919619629307","masimula palang araw ko, pero feeling ko pagod na pagod na’ko"
"Wed Feb 18 22:10:23 +0000 2026","tweet-2024245136528466018","Ang kiss daw ay nakakawala ng pagod. Kaya pala pagod na pagod na pagod na si ako. Hahahaha 🤔😛😝😜🤪😋 https://t.co/DRRh6YJQ5k"
"Wed Feb 18 22:08:33 +0000 2026","tweet-2024244674932986105","grabee kani nga hilanat binungtaga ang labad sa ulo"
"Wed Feb 18 22:02:12 +0000 2026","tweet-2024243076974461174","What if pagod na pagod na pagod na PAGOD na ako??

Paano na kaya sila hahahahahhaha"
"Wed Feb 18 21:27:21 +0000 2026","tweet-2024234304730255419","natulog nang maaga, para gumising nang masakit ang katawan😮‍💨"
"Wed Feb 18 21:06:35 +0000 2026","tweet-2024229080737206359","pagod na pagod na yung tao"
"Wed Feb 18 20:16:25 +0000 2026","tweet-2024216452702884126","pagod na pagod yung tao oh"
"Wed Feb 18 20:09:25 +0000 2026","tweet-2024214694580642230","taas lagnat ah"
"Wed Feb 18 19:17:58 +0000 2026","tweet-2024201746793550171","sana mawala na lagnat ni agooo🥺"
"Wed Feb 18 18:42:46 +0000 2026","tweet-2024192887240471013","anyway matutulog na si ate girl,ayaw mawala nung lagnat ko. hay may pasok pa ako bukas"
"Wed Feb 18 18:31:23 +0000 2026","tweet-2024190020672950280","grabe ive been in the bpo naman for the past 3 years, pero etong account na to (insurance healthcare) grabe pagod na pagod ako, ayaw ko na pumasok, nakakatamad palagi pumasok"
"Wed Feb 18 18:25:27 +0000 2026","tweet-2024188526993297645","Putanginang sipon to HESUS"
"Wed Feb 18 18:14:39 +0000 2026","tweet-2024185810518757551","wag n magpanggap di k to matatapos bosit n lagnat to"
"Wed Feb 18 18:09:25 +0000 2026","tweet-2024184495222771947","pagod na pagod na rin ako"
"Wed Feb 18 18:04:26 +0000 2026","tweet-2024183239662064005","@RPDapitHapon sige, we can do that. as long as wala ka nang lagnat 𝘢𝘯𝘥 you take it easy nang hindi ka mabinat, okay?

[ hinalikan ang ulo ng novio. ]

but if may lagnat ka pa rin mamaya, we are staying here and we'll have dinner here, okay?"
"Wed Feb 18 17:53:55 +0000 2026","tweet-2024180594733908044","pagod na pagod nako man pano ba to hahaha"
"Wed Feb 18 17:36:47 +0000 2026","tweet-2024176281315921939","Lord bigyan mo ko pasensya, lakas, talino, at comfort hahahahaha pagod na pagod na pagod na ko"
"Wed Feb 18 17:10:55 +0000 2026","tweet-2024169773429362802","jusko araw-araw pala akong nasa labas simula noong thursday last week pa kaya pala nagkakasore throat na ako pagod na pagod na pala ako"
"Wed Feb 18 17:05:00 +0000 2026","tweet-2024168283612840206","pagod na pagod na"
"Wed Feb 18 16:51:29 +0000 2026","tweet-2024164882640507337","Magsisisi ba ako bukas kasi nag puyat ako?✅
Tataas ba lalo lagnat ko?✅
Nakuha ko na ba yung gusto ko sa lads?✅✋🏻😏"
"Wed Feb 18 16:43:51 +0000 2026","tweet-2024162960793362693","Beh nawala lagnat ko di ko expect na ang wild ng verdant wetlands behhhhhhh *tinulak ka* https://t.co/SUVXcfz7ux"
"Wed Feb 18 16:38:25 +0000 2026","tweet-2024161591181070847","Kung gusto niyo tapusin ko nalang kaya tong lecheng buhay ko ah? Pagod na pagod nako kakaitindi sainyo bahala na talaga kayo pag sinubukan ko lang man tumalon para wala na kayong problema bwiset amp"
"Wed Feb 18 16:33:36 +0000 2026","tweet-2024160379622834677","pagod na pagod na kami sa mga Duterte at Marcos djuskopoo.. taena ang layo pa ng 2028, nangungompanya na. bat di nalang po kayo magtrabaho?"
"Wed Feb 18 16:24:03 +0000 2026","tweet-2024157976890896699","please, the hell me so tired! 3 fucking days na kaming naka-upo dito nag-gugupit at nag di-dikit. me so pagod na pagod na pagod na! ang sakit na ng likod ko 😭 https://t.co/FEfrELpUgJ"
"Wed Feb 18 16:23:31 +0000 2026","tweet-2024157842207277224","pagod na pagod na pagod na pagod na ako"
"Wed Feb 18 16:23:23 +0000 2026","tweet-2024157810473537580","pagod na pagod pa naman ako"
"Wed Feb 18 16:21:25 +0000 2026","tweet-2024157316401213507","wowz pagod na pagod katawan pero gusto pa magcrashout"
"Wed Feb 18 16:01:18 +0000 2026","tweet-2024152251619569739","hmm one time, tinesting ni mama 🐺 kung iiyak ba s’ya ‘pag pinagalitan kasi malakas dumede. isang, “ang lakas dumede abaaa!” pa lang n’ya naghahalo na luha at sipon ni cooper. mga 1 working day rin s’yang umiiyak makita pa lang n’ya si 🐺 ending sumuyo pa rin ang 🐺 https://t.co/5zp1wgUI0w"
"Wed Feb 18 15:57:28 +0000 2026","tweet-2024151287164735639","@tlxvlnzl Oh my lord??? The punishment on me??? May sipon pa ako and it punched me on the gut. Though for a second lang naman, but still!"
"Wed Feb 18 15:54:42 +0000 2026","tweet-2024150590469869671","Pagod na ako umintindi sayo, pagod na pagod na"
"Wed Feb 18 15:48:32 +0000 2026","tweet-2024149041119207815","me and my lagnat against the world"
"Wed Feb 18 15:47:01 +0000 2026","tweet-2024148657164124633","yung wala kang ginagawa pero pagod na pagod ka"
"Wed Feb 18 15:38:00 +0000 2026","tweet-2024146390520344890","Di pa ako nagsisimula pero pakiramdam ko pagod na pagod na utak kooooo 🙇🏻‍♀️ https://t.co/4M631F0GWl"
"Wed Feb 18 15:31:42 +0000 2026","tweet-2024144801772228678","Kahit ata si Earth 😭 or may sipon sya https://t.co/AkdJlUPa6Y"
"Wed Feb 18 15:27:48 +0000 2026","tweet-2024143821584597119","@Trflgrlqw wala man sipon lohhhh"
"Wed Feb 18 15:24:49 +0000 2026","tweet-2024143071886336097","Pagod na pagod pero di mapirmi utak lo kasi nakainom coke. 😭"
"Wed Feb 18 15:24:20 +0000 2026","tweet-2024142950461223271","Hema 1 week 2 nalang, sana maalis na tong sipon ko and sore throat pls"
"Wed Feb 18 15:20:53 +0000 2026","tweet-2024142082710155752","AT BAKIT KAYO NAG TATAWANAN MGA BAKS?! PAGOD NA PAGOD NA KAKAPAYPAY SI MOYMOY OH, PERO GO PARIN PARA KAY SPECIAL PERSON #CapEath https://t.co/fxSshzc0bv"
"Wed Feb 18 15:18:11 +0000 2026","tweet-2024141399654846662","Pagod na pagod na si Lord sa inyo mga enemels kayo!. Lagi niyo nalang siya dinadamay!. Kapag ayan talaga sumagot na si Lord sa inyo 🤦‍♀️. 

Sabi tumawag kayo at magdasal, hindi yung inutusan kayo kuno ni Lord na mag resign at tumakbo. Mga ebas niyo!  🥲"
"Wed Feb 18 15:15:29 +0000 2026","tweet-2024140720093679931","So tinamaan nanaman po ako, may sinat ako. Sakit sobra ulo ko at may ubo't sipon. Lord wag sana mahawa mga tao sa bahay lalo si Maxine ko."
"Wed Feb 18 15:11:06 +0000 2026","tweet-2024139620787822947","kaso after school napapadiretso tulog ako 😅 parang di kaya ng ugali ko manuyo at magsorry habang pagod na pagod"
"Wed Feb 18 15:06:59 +0000 2026","tweet-2024138584941637867","Lagnat😩🤧"
"Wed Feb 18 15:04:47 +0000 2026","tweet-2024138030471061551","pagod na pagod na yung bata"
"Wed Feb 18 14:59:24 +0000 2026","tweet-2024136675535061233","i hate sipon so much hays"
"Wed Feb 18 14:58:27 +0000 2026","tweet-2024136433980899550","sipon ba to"
"Wed Feb 18 14:56:34 +0000 2026","tweet-2024135962750497075","Putangina, pagod na pagod na ko sa bansang 'to. Ngayon pa lang wala na kong pag-asang nakikita sa bansang 'to dahil sa mga comments sa FB."
"Wed Feb 18 14:56:05 +0000 2026","tweet-2024135840100659612","pagod na pagod na siguro si NIKI kakakanta ng lowkey para sa ashdres HAHAHAHAHA"
"Wed Feb 18 14:51:23 +0000 2026","tweet-2024134657067856216","REAL NA REAL that time pagod na pagod ako nung second year literal na yung recharge au ni mx ica healed me so much 🥹"
"Wed Feb 18 14:47:34 +0000 2026","tweet-2024133697981821065","KAYA PALA PAGOD NA PAGOD AQ, GAN’TO PALA DAPAT MAGPAHINGA 😮‍💨"
"Wed Feb 18 14:45:19 +0000 2026","tweet-2024133128294719576","pagod na pagod katawan ko haha kaya pa ba to hanggang friday"
"Wed Feb 18 14:42:04 +0000 2026","tweet-2024132313534071142","1st lagnat ng taon 😵‍💫 🤒 😷 https://t.co/hk1kPToMYJ"
"Wed Feb 18 14:40:05 +0000 2026","tweet-2024131815209070767","pagod na pagod na si Lord sainyo mga teh"
"Wed Feb 18 14:38:18 +0000 2026","tweet-2024131364988076332","Ako lang ba sobrang pagod na pagod na"
"Wed Feb 18 14:32:43 +0000 2026","tweet-2024129958608568640","sana hindi magtuloy ubo’t sipon at lagnat ko plsplsplspls"
"Wed Feb 18 14:30:13 +0000 2026","tweet-2024129329152876560","at bakit na lock na naman??? pagod na pagod na ako"
"Wed Feb 18 14:16:32 +0000 2026","tweet-2024125884714885560","na parang si milk na may sipon ung tumawa🤣🤣"
"Wed Feb 18 14:13:18 +0000 2026","tweet-2024125073238442045","batasan to ysa gathering 
nawawalan ako ng hope and sobrang sakit ng katawan ko plus mah lagnat ako yet i am very thankful tk heavenly father by using his other children to tap me and serve him and his children 
this is the lords work and i am glad to be part of that great work"
"Wed Feb 18 14:04:06 +0000 2026","tweet-2024122757517365525","lagnat + sakit puson + sakit balakang + no eat 2 days + heavy bleeding = die bitch"
"Wed Feb 18 13:58:30 +0000 2026","tweet-2024121350143828068","Lagnat ata to"
"Wed Feb 18 13:57:30 +0000 2026","tweet-2024121096430403604","Pagod na pagod ako wala bang magdedeliver sakin ng empanada 😫"
"Wed Feb 18 13:47:43 +0000 2026","tweet-2024118635887808532","grabe pagod na pagod talaga ako kapag kasama yung dalawa, hindi ba naman namalayan oras alas syete na tuloy nakauwi HAHA"
"Wed Feb 18 13:24:46 +0000 2026","tweet-2024112858406298045","PAGOD. NA. PAGOD. NA. AKO"
"Wed Feb 18 13:18:41 +0000 2026","tweet-2024111327942164621","Pagod na pagod na si Lord sa Pilipinas 🤣"
"Wed Feb 18 13:13:59 +0000 2026","tweet-2024110147295945183","bf nalang sana, wag na lagnat hirap yan"
"Wed Feb 18 13:12:26 +0000 2026","tweet-2024109757536100604","sobrang kawawa ako kanina buoooyyy nahihilo pa ko dahil sa matapang na amoy ng pabango tas nahihilo na talaga ako tas dumagdag pa yung exam 😭😭😭 di ko na talaga kaya buuoooyyy pagod na pagod na ko kaka-review pero nawawala naman kaagad😭😭😭"
"Wed Feb 18 13:11:52 +0000 2026","tweet-2024109614950736323","pagod na pagod katawan ko"
"Wed Feb 18 13:00:34 +0000 2026","tweet-2024106768456954312","story of my life pagod na pagod na akong makakita ng https://t.co/TkhiypBqKq utang na loob bakit ang cu-cute ng mga gawa ng indo artists na hindi mass produced nasan yung filo counterpart at bakit puro low quality slop yung nasa shopee natin😭😭😭"
"Wed Feb 18 12:50:06 +0000 2026","tweet-2024104133410889830","@RobleJinil WHAHAHAHAHAHAHAHA sabi ko nga sige give ko na sayo ash mukhang pagod na pagod ka mag cut"
"Wed Feb 18 12:48:40 +0000 2026","tweet-2024103773506040307","Sama pa pakiramdam, magkaka'sipon pa. 😮‍💨"
"Wed Feb 18 12:36:17 +0000 2026","tweet-2024100657527935069","pagod na pagod na pagod na qqqq sa ojt na tueee 😭"
"Wed Feb 18 12:35:45 +0000 2026","tweet-2024100522840740333","HSHAJAJAHAHA pagod na pagod aq tapos nakasalubong ko pa sa campus ex q... kinabahan ako bigla shuta anlakas ng heartbeat ko kanina gago 😭"
"Wed Feb 18 12:31:30 +0000 2026","tweet-2024099453607510025","gaiz feel q ang lunas sa lagnat ko ay ang #capkrys miss ko na agad ang mag asaw- 😭😭"
"Wed Feb 18 12:10:48 +0000 2026","tweet-2024094245196546076","I know it's my fault, I know na hindi ko kayang gawin ang mga gusto nyong gawin ko. pero sana alam nyong pagod na pagod na ako."
"Wed Feb 18 12:09:39 +0000 2026","tweet-2024093954070004114","haup masirino tangina! sipon to"
"Wed Feb 18 12:08:10 +0000 2026","tweet-2024093583905546597","pagod na pagod ang baby na yan akala mo sampu ang sinusuportahan eh hahahahah  https://t.co/VVtm6rEi6I"
"Wed Feb 18 12:06:08 +0000 2026","tweet-2024093072058097955","kung alam nyo lang isip at katawan ko pagod na pagod na!!!"
"Wed Feb 18 12:04:40 +0000 2026","tweet-2024092701780775251","Ilang araw ba ting lagnat na to. Gusto ko ng lumabas ng bahay"
"Wed Feb 18 11:56:40 +0000 2026","tweet-2024090689710272772","@wonwooshhh Pagod na pagod na si lord magamit pangalan niya sa kasamaan niyo jusko"
"Wed Feb 18 11:49:23 +0000 2026","tweet-2024088857017471379","@ryujinpatji @tnpjrcryupat TAKTE PAGOD NA PAGOD KAMI NAKAILANG CALLOUT NA KAMI WALA PA RIN NAGPANIC KAMI wala pa hashtag sa ryupat sa copperfifa saka northotto meron na 😭"
"Wed Feb 18 11:42:31 +0000 2026","tweet-2024087125164257645","pagod na pagod na ako

ASHRAVE 600M VIEWS"
"Wed Feb 18 11:41:23 +0000 2026","tweet-2024086841096286333","Grabe ansakit ng ulo ko sa sipon tska ubo juskoo huhuhu baka ndi maayos salita ko sa reporting tom urghhh sana hindi na talaga kami makaabott plss maam palate ka konti hehe"
"Wed Feb 18 11:40:20 +0000 2026","tweet-2024086577220354468","Grabe nakaka drain, pagod na pagod na ako."
"Wed Feb 18 11:36:58 +0000 2026","tweet-2024085731661217903","PAGOD NA PAGOD NA KOOOOOOO itigil na 'tong exam week"
"Wed Feb 18 11:34:35 +0000 2026","tweet-2024085130244173958","九種九牌だけは無しにしてクレメンス…"
"Wed Feb 18 11:34:02 +0000 2026","tweet-2024084992951726325","雀魂、控えめに言ってゴミです。
このワイが3連続ラスを引くなんて完全に牌操作されてる。
怒りで震えてます。"
"Wed Feb 18 11:31:29 +0000 2026","tweet-2024084349268934796","wfh = 15%
rto = 10%
fieldwork = 75%

pagod na pagod ako dai"
"Wed Feb 18 11:27:30 +0000 2026","tweet-2024083346284802398","eme gagu wag na pala, sipon ko plz kairita"
"Wed Feb 18 11:20:25 +0000 2026","tweet-2024081564238332012","@qkr1jay sure ka? kapatid mo sila? panty ka nila? sipon ka nila? galing galing mo naman, pwede mo nang palitan si kuya kim kung mula pilipinas, nakikita mo ginagawa nila 30x clearer ☹️ andito na naman tayo sa episode 489 ng fohags na protective kay woongki pero dedma kay el sa pilipins"
"Wed Feb 18 11:18:45 +0000 2026","tweet-2024081145797714130","pagod na pagod ako galing school and this is my therapy btw 😪"
"Wed Feb 18 11:08:44 +0000 2026","tweet-2024078625885315154","Sobrang ganado ko mag holiday work to catchup on all my backlog na di ko napansin na grabe na yung sipon ko at sinat wahahaha 🥲🥲🥲"
"Wed Feb 18 11:04:05 +0000 2026","tweet-2024077453287702959","life update: hinahard fuck ng lagnat"
"Wed Feb 18 11:03:11 +0000 2026","tweet-2024077228439486803","i hate sipon talaga"
"Wed Feb 18 11:01:36 +0000 2026","tweet-2024076828642816265","pagod na pagod na si Lord sa inyo"
"Wed Feb 18 11:01:12 +0000 2026","tweet-2024076729229459577","tanginaa pagod na pagod na nga ako mabuhay, mayron pang tatakbo na mag presidenti, jusq awa na lang."
"Wed Feb 18 10:55:31 +0000 2026","tweet-2024075300770836604","Tangina please, pagod na pagod na ko sa mga overly religious na tao, tapos ngayon gagawin niyong pang presidente yung isa."
"Wed Feb 18 10:53:26 +0000 2026","tweet-2024074776562503765","Inom ka paracetamol lagnat lang yan 🤪"
"Wed Feb 18 10:47:07 +0000 2026","tweet-2024073183297712477","Pagod na pagod na siguro si Lord sa mga Pilipino 😩"
"Wed Feb 18 10:42:42 +0000 2026","tweet-2024072072641511676","pagod na pagod na pagod na pagod na pagod"
"Wed Feb 18 10:35:18 +0000 2026","tweet-2024070211138359771","lagnat season na ngaa"
"Wed Feb 18 10:30:07 +0000 2026","tweet-2024068907066151388","fuck lala yung sipon ko kakaiyak sa au na to 😭"
"Wed Feb 18 10:29:28 +0000 2026","tweet-2024068742355771614","チューリップ3日目にて黒発見したので養殖フェイズに入る"
"Wed Feb 18 10:27:27 +0000 2026","tweet-2024068234069303428","pagod na pagod. sana makiss"
"Wed Feb 18 10:18:19 +0000 2026","tweet-2024065939088486707","Kung kailan ako ginanahan mag review don ako nagkasakit 🥹 uso ba lagnat ngayon 😭"
"Wed Feb 18 10:16:53 +0000 2026","tweet-2024065578026377537","Sana sa pagtulog ko, di na ko magising. Kasi pagod na pagod na ako."
"Wed Feb 18 10:15:05 +0000 2026","tweet-2024065123522924819","@klemen22043 @vladozlom Tudi Seinfeld je in lahko obenem rečeš, da zgleda kot Šipon."
"Wed Feb 18 10:08:57 +0000 2026","tweet-2024063578664554541","@flinslover nova is just so nostalgic, pair it with royal=sagot sa lagnat nung bata ako eh"
"Wed Feb 18 09:58:51 +0000 2026","tweet-2024061038077837344","@RPDapitHapon ssh, mahal.

[ hinalikan niya muli sa noo ang novio at hinaplos-haplos lamang ang buhok nito. mukhang nilalamig pa rin siya sa gitna ng mainit na lagnat. ]

don't be sorry for all of those, mahal. you couldn't have known na magkakasakit ka. if anything, i'm just glad ( . . . )"
"Wed Feb 18 09:52:54 +0000 2026","tweet-2024059540317360462","Panghihina....yang 🥀 https://t.co/RlO1rznw2g"
"Wed Feb 18 09:47:57 +0000 2026","tweet-2024058294621671482","gusto ko na magmatcha ulittt fleece langggg sana mawala na itong ubo at lagnat kooo"
"Wed Feb 18 09:42:33 +0000 2026","tweet-2024056934895321433","Lordddd pwede tama napo sakit paldo nako jan ihh puro lagnat nalang pwedeng pera naman po😭🙏 https://t.co/daOSpkhqCP"
"Wed Feb 18 09:20:30 +0000 2026","tweet-2024051386560975342","pagod na pagod na si lord masisi dahil sa inyo"
"Wed Feb 18 09:18:53 +0000 2026","tweet-2024050980657205320","gi hubak man guro na imong utok"
"Wed Feb 18 08:42:50 +0000 2026","tweet-2024041906385400155","pagod na pagod na ako ha

https://t.co/2XedznU7QP"
"Wed Feb 18 08:42:22 +0000 2026","tweet-2024041791301828757","Pwede ba sa susunod na movie, character naman ni Ash ung yearner? Pagod na pagod na ko makita si Andres na naghahabol e. Pag pahingahin naman natin siya. Kawawa na. 😭"
"Wed Feb 18 08:39:11 +0000 2026","tweet-2024040988579070050","Nasa 2nd review na yung FS, irerevise pa dahil lang sa late invoice. Please awa na lang, matapos na sana nang matiwasay ang audit na to. Literal na pagod na pagod na pagod na pagod na pagod na ako. 😭"
"Wed Feb 18 08:29:55 +0000 2026","tweet-2024038657360081011","pwede bang sa iba muna ibigay yung lagnat ko"
"Wed Feb 18 08:24:35 +0000 2026","tweet-2024037314117185801","Nakakabother yung sipon ng isang prof sa nmat review😭 just noticed it today coz kakarecover ko lang din sa trangkaso hahahaha. Sudden shift of weather siguro kaya madaming may sakit."
"Wed Feb 18 08:24:04 +0000 2026","tweet-2024037185763098649","@crossiiini Pinupuyat nila ang manok naten 🫩 halatang pagod na pagod na"
"Wed Feb 18 07:42:09 +0000 2026","tweet-2024026637428314618","pinaka hate ko talaga yang sipon na yan e tas sinabayan pa ng ubo, kainissss"
"Wed Feb 18 07:36:46 +0000 2026","tweet-2024025283146432681","May sipon na nga nanghihina pa katawan ko. Aray mo talaga"
"Wed Feb 18 07:15:18 +0000 2026","tweet-2024019879280398676","Ikaw nalang Lord bahala sa Pilipinas. Pagod na pagod na kami ipaglaban to sa mga demonyong politiko."
"Wed Feb 18 06:46:25 +0000 2026","tweet-2024012610988110018","gagooo ayaw ko naaaa. 3 weeks na pabalik-balik lagnat ko. 😭"
"Wed Feb 18 06:28:16 +0000 2026","tweet-2024008044133196019","2 puff inabot agad e pagod na pagod yarn hahahahaha"
"Wed Feb 18 06:20:30 +0000 2026","tweet-2024006087481913834","@ZhasimJ @eli_lancebrey hahaha..pagod na pagod na pagod na c teo kakatakbo😁"
"Wed Feb 18 05:55:19 +0000 2026","tweet-2023999750819738112","pagod na pagod nako mag work, gusto ko nalang maging full time reviewee pls 😭"
"Wed Feb 18 05:53:48 +0000 2026","tweet-2023999367930409423","wala naman akong ginagawa pero parang pagod na pagod ako"
"Wed Feb 18 05:39:43 +0000 2026","tweet-2023995823827415248","Okay na siguro 2days na pahinga kahit di pa fully recovered sa lagnat need na maghabol backlogs 🥲"
"Wed Feb 18 05:39:19 +0000 2026","tweet-2023995723877126150","sinumpong pa ng ubo't sipon jejed🥲"
"Wed Feb 18 05:27:06 +0000 2026","tweet-2023992650265690437","tablan dayon sa lagnat"
"Wed Feb 18 05:12:24 +0000 2026","tweet-2023988952407986470","Pagod na pagod na ako kakaubo jusq hahahahaha"
"Wed Feb 18 05:10:40 +0000 2026","tweet-2023988514728083756","can we normalize shaming every dds we encounter like how the germans shame nazis pagod na pagod nako sa mga ddshits na yan"
"Wed Feb 18 04:52:58 +0000 2026","tweet-2023984060247187830","@maryamcbbe May lagnat kaya wala"
"Wed Feb 18 04:48:37 +0000 2026","tweet-2023982967928782939","Day off yung hinihingi, lagnat binigay. Masyado mo naman akong love, Lord? Araaaayyy moooo"
"Wed Feb 18 04:33:39 +0000 2026","tweet-2023979201175711998","please wag tayo maging tanga sa 2028. pagod na pagod na ako sa fucking ph system"
"Wed Feb 18 04:28:56 +0000 2026","tweet-2023978011662709215","Shutaaa nawala lagnat ko amp. hahahahaha"
"Wed Feb 18 04:26:28 +0000 2026","tweet-2023977389886230845","Pagod na pagod ako putangina haha"
"Wed Feb 18 04:25:36 +0000 2026","tweet-2023977173762146478","parang everyday akong may lagnat"
"Wed Feb 18 04:08:37 +0000 2026","tweet-2023972898797420557","@sipon_ship4 いーやきっときりりんが可愛い子相手にぱんつ何はいてますかでゅふふwってwis送ってるんだよ"
"Wed Feb 18 04:06:55 +0000 2026","tweet-2023972472261902394","Tangina naman pagod na pagod na ako sa bansang to"
"Wed Feb 18 04:01:20 +0000 2026","tweet-2023971065073135939","@RPDapitHapon [ napakunot ang kaniyang noo. oo, may miting sila sa up ngayon, ngunit hindi iyon mahalaga ngayon. ]

mahal, you're sick. inaapoy ka ng lagnat. there's no way you're going to the meeting today.

[ hinaplos niya ang mainit na pisngi ng novio. ]

i'm staying and taking ( . . . )"
"Wed Feb 18 03:48:10 +0000 2026","tweet-2023967755062346087","@RPDapitHapon [ kumurap-kurap siya sa gulat. kaagad niyang nilapaat ang kaniyang kamay sa noo ng novio, at halos napabalik kaagad sa init. mataas ang lagnat nito. ]

mukhang trangkaso nga. i'll get you medicine, water, and something you can eat, ha? don't get out of bed, okay? no coffee, too."
"Wed Feb 18 03:43:59 +0000 2026","tweet-2023966701520335065","Parang may lagnat si Nitura. Puro error 🥺"
"Wed Feb 18 03:41:06 +0000 2026","tweet-2023965975352119472","俺？"
"Wed Feb 18 03:25:46 +0000 2026","tweet-2023962116206588388","pagkagising kalaban ubo’t sipon e"
"Wed Feb 18 03:24:10 +0000 2026","tweet-2023961711447818258","wa nako nalipay aning hilanat dimada ug waaawww"
"Wed Feb 18 03:15:18 +0000 2026","tweet-2023959481592283559","tangina pagod na pagod nakong mag lipat ng gamit mula 1st to 3rd floor mula friday. daig ko pa umakyat ng bundok puta.😭🥲"
"Wed Feb 18 02:59:25 +0000 2026","tweet-2023955484013629736","Pagod na pagod na ko sainyo 😭"
"Wed Feb 18 02:33:24 +0000 2026","tweet-2023948937078698356","inabot ng ubo’t sipon hayuf🤒"
"Wed Feb 18 02:23:11 +0000 2026","tweet-2023946365597077558","taena sipon tas ubo to di na nawalag sakin"
"Wed Feb 18 02:10:01 +0000 2026","tweet-2023943052533060061","Pagod na pagod na ako Lord 😭"
"Wed Feb 18 02:02:21 +0000 2026","tweet-2023941121613984024","Sinisipon tlaga ako after gumamit ng poppers. 2 days n since my last use, pero anlala prin ng sipon ko. 🥹"
"Wed Feb 18 01:58:47 +0000 2026","tweet-2023940225312203096","Pagod na pagod na pagod"
"Wed Feb 18 01:24:33 +0000 2026","tweet-2023931610027164118","@AnonAuntie Pag eto naglapag pa ulit mamaya nangungulila na yan. Chat mo si JL, Juwon sabihin mo may lagnat ako 😢"
"Wed Feb 18 00:50:38 +0000 2026","tweet-2023923075537138182","Hindi naman na nawawala tong sipon na to. Sakit na ng ilong ko."
"Wed Feb 18 00:21:17 +0000 2026","tweet-2023915690374340891","Every week may lagnat ang oat"
"Wed Feb 18 00:20:20 +0000 2026","tweet-2023915451265486897","Pagod na pagod kana tapos mas mapapagod kapa"
"Tue Feb 17 23:08:56 +0000 2026","tweet-2023897482540052573","For the tamlay daw c Jema kagabi at may sipon pagaling accla😍😍 https://t.co/5106ELIZkR"
"Tue Feb 17 22:43:09 +0000 2026","tweet-2023890991183523955","Ano ba ginawa neto bakit parang pagod na pagod. Hahaha! Goodmorning my sleeping child. 😅🐶 https://t.co/rSonApk1s7"
"Tue Feb 17 21:53:40 +0000 2026","tweet-2023878541604188217","sana mawala na lagnat ni Selene :("
"Tue Feb 17 21:32:40 +0000 2026","tweet-2023873256982540481","@Evalyn_M23 Nawala na grabeng ubo and sipon. Signs of aging nalang talaga like masakit ulo dahil na over slept haha. Di ka na nagpopost?"
"Tue Feb 17 20:26:02 +0000 2026","tweet-2023856485722452351","Bumalik na ung ubo at sipon, sana ikaw din"
"Tue Feb 17 20:17:40 +0000 2026","tweet-2023854382136352883","I HATE MY SIPON OMFH"
"Tue Feb 17 19:40:42 +0000 2026","tweet-2023845079866298424","mas okay nang mag kanya kanya tayo dahil sobrang pagod na pagod na ako kaka intondi sayo mas okay na yung ganito maghiwalay na tayo"
"Tue Feb 17 19:26:40 +0000 2026","tweet-2023841545326391643","pagod na pagod na ko maghanap ng digicam pag ako napikon ipangpapa-tattoo ko nalang to"
"Tue Feb 17 18:58:50 +0000 2026","tweet-2023834542981922902","Whut theee, 3AM ako natapos sa lahat. Sobrang pagod na pagod na pagod na pagod sa sports, business, tapos hindi parin pwede matulog, dami pa need i edit for lent and raket. IKENNAT!!;"
"Tue Feb 17 18:52:57 +0000 2026","tweet-2023833061528646105","@veriveriuu meron po pero minsan icut na po kailangan artista. alam niyo nakahiya parehas cap at heath 

alam mo si  ap pagod na pagod kasi work sa pbb"
"Tue Feb 17 18:50:05 +0000 2026","tweet-2023832338237714811","@rnzdr Pagod na pagod ako manood hahahaha"
"Tue Feb 17 18:06:26 +0000 2026","tweet-2023821356765413542","@011Augentaler Zamisli koji seljak, stavio nik Fadilj Vokri, nije šipon 100% 😂😂😂"
"Tue Feb 17 17:59:14 +0000 2026","tweet-2023819544679379253","Sabi ko may sinat ako 🥹 pinadalhan niya ako food 😭💟✨"
"Tue Feb 17 17:56:15 +0000 2026","tweet-2023818792523153484","teka naiiyak na naman ako 😭 sulit yung pagtitiis ko ng hilo sa lagnat ko 😭"
"Tue Feb 17 17:55:04 +0000 2026","tweet-2023818494165524620","@Snowmight22 @gmanetwork amen. sana nga eh pagod na pagod na si heath magpakilig"
"Tue Feb 17 17:27:21 +0000 2026","tweet-2023811521277780197","HINDI NA NATAPOS REVISION DITO SA CLIENT NA ‘TO ANO NA. PAGOD NA PAGOD NA AKO MAG ACCOUNTING!!!!"
"Tue Feb 17 17:12:22 +0000 2026","tweet-2023807747989664259","sinisingil na talaga ako ng katawan ko sa pagiging abusado😭 girlll, may lagnat na namannnnn."
"Tue Feb 17 17:09:23 +0000 2026","tweet-2023806996542329107","pagod na pagod na pagod"
"Tue Feb 17 16:56:28 +0000 2026","tweet-2023803746048971008","putangina ang taas ng lagnat umay"
"Tue Feb 17 16:44:46 +0000 2026","tweet-2023800804730409203","3rd night na may lagnat ako ah. who's the witch?🤨"
"Tue Feb 17 16:24:15 +0000 2026","tweet-2023795641445740600","inang yan di makabileng pabango dahil sa sipon e😆"
"Tue Feb 17 16:22:58 +0000 2026","tweet-2023795317280522333","@ZiDDiBlochPTI Puray umathy muslima ke traf sai lagnat baijaty hai"
"Tue Feb 17 16:20:42 +0000 2026","tweet-2023794744619647116","taninahh, pagod na pagod na pagod na akung umiyak ga"
"Tue Feb 17 16:04:10 +0000 2026","tweet-2023790587271672190","@cher_ahof2 He actually said that nung nasa venue na ako for 2nd show hahaha lumapit ba naman para sabihan akong pagod na pagod na raw ako. Hindi nga ako namamansin ehhh kasi nahihiya ako dahil haggard na 😭"
"Tue Feb 17 15:28:54 +0000 2026","tweet-2023781709318406364","Pagod na pagod na ko  sana makaikot pa ko mamaya 😂"
"Tue Feb 17 15:28:40 +0000 2026","tweet-2023781652049391806","it's nottt givingg guysss pagod na pagod nakooo😭🙌🙏"
"Tue Feb 17 15:26:53 +0000 2026","tweet-2023781203275641040","pagod na pagod na ako😭"
"Tue Feb 17 15:15:16 +0000 2026","tweet-2023778280147660890","@chenn_3002 congrats ads sana bumaba na lagnat mo sksksks"
"Tue Feb 17 15:14:43 +0000 2026","tweet-2023778142259966000","teh makiramdam ka naman teh pagod na pagod na ako sayo"
"Tue Feb 17 15:10:56 +0000 2026","tweet-2023777188865282465","@BTS_twt Yoongi, pagod na ko. Pagod na pagod na yung utak ko. Hanggang kelan ba ko magiging ganito?"
"Tue Feb 17 15:10:28 +0000 2026","tweet-2023777073576505366","bruh san galing ang sipon ko?? sa pag halfbath every night??😭😭 ang ubo q pa jusq"
"Tue Feb 17 15:09:02 +0000 2026","tweet-2023776710253334771","Parang ngayon ko lang to aaminin sa sarili ko, natatakot. Takot na takot na ko. Gusto ko humingi ng tulong, gusto ko na magpahinga, pagod na pagod na ko pero wala akong choice."
"Tue Feb 17 15:05:11 +0000 2026","tweet-2023775740425367774","alam niyo ba yung jeonghao au na ano may crush si minghao kay jeonghan tapos yung friends ni hao pagod na pagod n marinig ung mga sinasabi niya tungkol kay jeonghan tapos ini uncrush na niya pero orgmates sila tas parang nagugustuhan na rin naman"
"Tue Feb 17 15:01:50 +0000 2026","tweet-2023774900331352109","無印やった事ねぇんだよな"
"Tue Feb 17 15:01:03 +0000 2026","tweet-2023774702670672233","Ang pagod ko for todays video ay pagod na pagod 😭😭😭"
"Tue Feb 17 14:54:39 +0000 2026","tweet-2023773092485468236","pagod na ko, pagod na pagod."
"Tue Feb 17 14:41:44 +0000 2026","tweet-2023769842537689243","hshshshshssh sorry na dk at vernon, pagod na pagod lang lately shhshshs #tamad https://t.co/h0X8jgn3aA"
"Tue Feb 17 14:41:14 +0000 2026","tweet-2023769714795966816","parang pagod na pagod na ang friend ni rodolfo down der.. https://t.co/2PrvvDYkWF"
"Tue Feb 17 14:36:23 +0000 2026","tweet-2023768492408008798","Heath stans rn:
""Pagod na pagod na pagod na ako"" 🫩😞- Kathryn b

Anyways 
BBS HEATH"
"Tue Feb 17 14:35:38 +0000 2026","tweet-2023768306168242661","Grabe ka talaga Miguelito. Hindi ka tumigil kahit pagod na pagod ka na, hangga’t hindi mo natapos yung sakripisyo mo 😭 Miguel, you’re truly a blessing to the housemates 🥹🩵"
"Tue Feb 17 14:29:02 +0000 2026","tweet-2023766643512631729","kainis pa na sipon ‘to, di na naman ako patutulugin nang maayos 😭😭"
"Tue Feb 17 14:24:59 +0000 2026","tweet-2023765627442524249","@imyppn yung salad masyadong matamis nga eh may nahalo atang sipon #EvaciousEndgame"
"Tue Feb 17 14:20:00 +0000 2026","tweet-2023764372624208131","Instead mag ingay ka dito mas okay sabihan mo nalng si @jarrenglorious  na isinga niya na yang sipon niya kasi pag nakanta siya parang ngongo at sabihin mo mag face wash kasi ang oily lagi"
"Tue Feb 17 14:10:53 +0000 2026","tweet-2023762078381862993","I'm do disapointed na pinapunta mokong lingayen from bayambang almost 1hr akong bumyahe nag motor inaya aya moko tapos uuwi lng din akong wala sayang sa gas specially pagod na pagod akong bumyahe na nag motor nag risk pako hayst #alterlingayen #alterdagupan #alterpangasinan"
"Tue Feb 17 14:07:09 +0000 2026","tweet-2023761138614497534","Pagod na pagod ang binnie namin ah"
"Tue Feb 17 13:34:36 +0000 2026","tweet-2023752945305874779","Pagod na pagod katawang lupa ko 🥲"
"Tue Feb 17 13:24:44 +0000 2026","tweet-2023750464488304858","Leche tong isang pusa ko eh. Nagdadala ng jowa sa bahay, pagod na pagod na ung aso ko sa kakatahol. Tas deadma ayaw umalis. 🙄🙄🙄"
"Tue Feb 17 13:23:13 +0000 2026","tweet-2023750082362003737","2 araw na tong lagnat ko"
"Tue Feb 17 13:22:13 +0000 2026","tweet-2023749830947025201","Shutang lagnat ito pabalik balik since kahapon 😭😭 Mali atang decision na gumala noong 14 and 15 ehh"
"Tue Feb 17 13:17:10 +0000 2026","tweet-2023748559368233211","Pagod na pagod kahit cute lang buong araw 😴🐱🧺 P.S. Did not help in the tupi at all 😔
#sleepycat #pusa #catsoftiktok #cat #pagod #TikTok #catvideo https://t.co/7oBuLXJhpv https://t.co/BuuHaozB0N"
"Tue Feb 17 13:00:44 +0000 2026","tweet-2023744422584705176","pero alam ko sa sarili ko na pagod na pagod nako"
"Tue Feb 17 13:00:23 +0000 2026","tweet-2023744335720657349","Wag naman ngayon please pagod na pagod na ako😢"
"Tue Feb 17 12:59:08 +0000 2026","tweet-2023744020359553460","tangina PAGOD NA PAGOD NA PAGOD NA PAGOD NA AK"
"Tue Feb 17 12:59:05 +0000 2026","tweet-2023744006069645634","Gusto ko nalang matulog. Pagod na pagod ako bilang tao 😣😣"
"Tue Feb 17 12:50:49 +0000 2026","tweet-2023741926583816678","Please sana mawala na lagnat ko"
"Tue Feb 17 12:38:46 +0000 2026","tweet-2023738895653822795","Huy grabeng lagnat parang sobra naman ata?"
"Tue Feb 17 12:33:58 +0000 2026","tweet-2023737685169381485","Hanggang magbakasyon ang mga gamot rowwll nanay mo nalang ang bahalaa kung may lagnat kay Khalell bioflu nalang kada 5 hrs pero gawin lang ng 4x di pwede ang 5"
"Tue Feb 17 12:32:44 +0000 2026","tweet-2023737376489484492","@CosyCatCauldron Ako naman ubo at sipon 😭"
"Tue Feb 17 12:31:41 +0000 2026","tweet-2023737112697143345","@ate_TJ HAHAHA masakit ang katawan at puro pasa"
"Tue Feb 17 12:31:09 +0000 2026","tweet-2023736977879609642","Bat ganon parang pagod na pagod ako kahit sa bahay lang naman ako maghapon"
"Tue Feb 17 12:10:56 +0000 2026","tweet-2023731891405525465","@VitaminB7TS makakarma yan lolobo sipon nyan sa madami tao"
"Tue Feb 17 12:02:32 +0000 2026","tweet-2023729774984659338","@Chimin710 Kung sino man yan madapa sana sya sa harap ng maraming tao o lumabas sana sipon nyan habang kausap crush nya"
"Tue Feb 17 11:57:09 +0000 2026","tweet-2023728421793079754","Grabe sobrang lagnat koo"
"Tue Feb 17 11:53:09 +0000 2026","tweet-2023727413512069242","nakakadrain gumawa ng narrative report tngina. pagod na pagod nako kakaharap sa laptop sumasakit na kaluluwa ko"
"Tue Feb 17 11:52:50 +0000 2026","tweet-2023727336378810453","kahit ako kung pagod na pagod kakabuhat tapos puro error lang mga kakampi, mag-maoy din ako ihhh"
"Tue Feb 17 11:48:22 +0000 2026","tweet-2023726212112167350","@urBoyDii 8oz lng oag may kagnat, yubg sayo 1.5😂 😂 😂 lagnat parteee"
"Tue Feb 17 11:34:14 +0000 2026","tweet-2023722654163927498","na para bang pagod na pagod siya"
"Tue Feb 17 11:05:49 +0000 2026","tweet-2023715502007443697","Patapos na naman ako sa cbty utang naman na loob ang attachment ko rito walang lagnat lagnat😀"
"Tue Feb 17 11:02:10 +0000 2026","tweet-2023714584977436925","pwede bang skip nalang tong 2nd sem nato? pagod na pagod nako beh gusto ko na mag 4rth year"
"Tue Feb 17 10:55:16 +0000 2026","tweet-2023712846388097386","Pagod na pagod si bella halata, buti na lang panalo at may award pa, kudos din sa lahat ng teammates niya kumapit sila👏👏👏

#PVL2026"
"Tue Feb 17 10:42:10 +0000 2026","tweet-2023709551288304104","Awang awa ako kay belen pagod na pagod na pero power pa rin si badeng 😂 #PVL2026"
"Tue Feb 17 10:40:15 +0000 2026","tweet-2023709071439024342","I know wala si eya pero cmft naman bakit sobrang pagod na pagod kayo don sa bench ng capital1 nung nawala si bela 😭#PVL2026"
"Tue Feb 17 10:38:08 +0000 2026","tweet-2023708537403347076","@444cpa feel ko pagod na pagod aq 😭"
"Tue Feb 17 10:37:03 +0000 2026","tweet-2023708264803037393","Pagod na pagod ako."
"Tue Feb 17 10:31:47 +0000 2026","tweet-2023706939692380331","pagod na pagod si Bella huhuhu sana manalo sila kase grabe sakripisyo ni baccla sa floor 

#PVL2026"
"Tue Feb 17 10:11:41 +0000 2026","tweet-2023701882120925587","yung sipon ko beh pa-dalawang linggo na di na cute 😾"
"Tue Feb 17 10:00:23 +0000 2026","tweet-2023699036403101971","Kala mo talaga pagod na pagod si Jimenez at Adorador! Teh ilan lang pinuntos niyoooo #PVL2026"
"Tue Feb 17 10:00:12 +0000 2026","tweet-2023698989514895763","Heto na ang yearly lagnat everytime na lumalapit bday ko 🥲"
"Tue Feb 17 09:55:49 +0000 2026","tweet-2023697886693965879","Nilabas na nga si Bella. Pagod na pagod na siya kakacover sa likod tapos score pagharap 🥲"
"Tue Feb 17 09:50:28 +0000 2026","tweet-2023696540351820031","need ko dalhin si cleo :(( d nagaling sipon niya tapos parang nahihirapan siyang huminga"
"Tue Feb 17 09:48:49 +0000 2026","tweet-2023696124616556968","Grabe 2 shift ba sha bakit pagod na pagod habang naka duty"
"Tue Feb 17 09:38:39 +0000 2026","tweet-2023693569102622953","magmall dapat pero pagod na pagod sa ginawa kong pagliligpit ng gamit. hirap ng may renovation sa bahay jusko"
"Tue Feb 17 09:36:53 +0000 2026","tweet-2023693121515888739","Closed po muna today! Sobrang taas ng lagnat ko :( and may respiratory infection daw ako sabi ni Doc.

Nag chills din ako kagabi sooo hindi ko muna ipupush si self.

Thank you for understanding po!"
"Tue Feb 17 09:16:11 +0000 2026","tweet-2023687913553424892","so many “ayoko na” outburst the past days yet i’m still here choosing to get up every morning to conquer another day. sukong suko na, pagod na pagod na, iyak na iyak na but because i have bigger dreams for myself, i chose to continue."
"Tue Feb 17 09:03:18 +0000 2026","tweet-2023684669267734753","i freaking hate sipon huhu ang sama ng pakiramdam ko and ang pangit ng taste buds q rn fuck it"
"Tue Feb 17 08:53:51 +0000 2026","tweet-2023682291969781786","ワイが持ってるのは赤色(がハゲてほぼ白)"
"Tue Feb 17 08:41:40 +0000 2026","tweet-2023679225849614492","Pa 2 months na tong sipon na to taena di na nawala"
"Tue Feb 17 08:41:15 +0000 2026","tweet-2023679120685871365","tangina e no ako pagod na pagod na tas sila pa chill chill lang mga bullshit"
"Tue Feb 17 08:41:07 +0000 2026","tweet-2023679088733593793","daming reklamo kala mo pagod na pagod e"
"Tue Feb 17 08:30:19 +0000 2026","tweet-2023676371688694184","bading @DomundiTV maging professional ka naman. Pagod na pagod na kami laging pumoprotekta sa mga artist mo eh. masyado ka namang favoritism."
"Tue Feb 17 08:25:40 +0000 2026","tweet-2023675199468503362","take me back to elyu and baguio! (kahit medyo pagod na pagod ako ahhahahahaha)"
"Tue Feb 17 08:21:52 +0000 2026","tweet-2023674243821535291","@Atira24684 @moohlach @PBBabscbn natulog pa sa labas na mahamog, awa nalang sa ubo at sipon neto😭 nagpawis pa sa tasks tapos maliligo, yung ang init sa labas tapos papasok sya sa malamig na aircon, trangkaso talaga"
"Tue Feb 17 08:09:10 +0000 2026","tweet-2023671048726597958","++ d pa makatulog dahil d makahinga sa baradong ilong. awa n lg tlg!!"
"Tue Feb 17 08:08:28 +0000 2026","tweet-2023670871353639089","2 days nang walang maayos na kain dahil sa bwiset na sipon ah. mangayayat na naman!! -_-"
"Tue Feb 17 08:05:22 +0000 2026","tweet-2023670092353909015","di ako mapakali pag may lagnat si niki"
"Tue Feb 17 07:46:33 +0000 2026","tweet-2023665356695314656","Tang ina inuubo’t sipon ako 😭😭😭😭😭"
"Tue Feb 17 07:09:19 +0000 2026","tweet-2023655985517330883","ito lang nakita ko eh, sakit ng ulo, body pain, kada galaw may lumalagatok, sakit ng balakang, may lagnat, sipon at iba pa.. di ko na din alam nangyayari.. Lord kayo na pong bahala sa akin.. 🙏🏻 wala na akong ibang malalapitan, ikaw lang.."
"Tue Feb 17 06:59:35 +0000 2026","tweet-2023653535716700205","may ubo’t sipon na pero can’t resist the unli haagen dazs"
"Tue Feb 17 06:54:01 +0000 2026","tweet-2023652136685580476","Lord pagod na ako pagod na pagod"
"Tue Feb 17 06:31:03 +0000 2026","tweet-2023646355747754099","di na nawala sipon ko ahhk office ang lamig"
"Tue Feb 17 06:12:21 +0000 2026","tweet-2023641649239543913","Grabe lagnat yun ah sobrang random :(( bawal pa naman mag sickleave ngayon jeske"
"Tue Feb 17 06:06:22 +0000 2026","tweet-2023640145547981181","Ulian sheinamae sa hilanat gi shoppingan ni kendric HAHAHAHHAHAHA"
"Tue Feb 17 05:55:23 +0000 2026","tweet-2023637378876023216","nawala bigla lagnat ko sainyo"
"Tue Feb 17 05:47:42 +0000 2026","tweet-2023635448711504281","buti pa lagnat ko mahal ako e, e ikaw?"
"Tue Feb 17 05:38:08 +0000 2026","tweet-2023633038295630098","jusko di na nawalan ng sipon"
"Tue Feb 17 05:31:15 +0000 2026","tweet-2023631306006179976","ako tumayo nung tapos na ko kumain tapos ikaw bago pa lang. Like, ahhhh my heart. And please eat a proper meal naman pag lunch, pag breakfast okay yun pero pag lunch hindi. Balanced diet para healthy ikaw, hindi pa nga yata gumagaling yung sipon at ubo mo eh. I felt bad din nung"
"Tue Feb 17 05:12:02 +0000 2026","tweet-2023626471323967595","okay lang yan shanly pareho tau may lagnat"
"Tue Feb 17 04:38:45 +0000 2026","tweet-2023618094334415276","Minsan tlaga mapapaisip kna lng tlaga saan sya kumukuha ng energy..khapon whole day yung mga ganap nya frm morning to her CNY party at night,tpos knina nkpag gym pa nga at now nsa ST naman..awa nlang tlaga sa mga konti galaw pagod na pagod na at nag rereklamo 😭😭"
"Tue Feb 17 04:29:45 +0000 2026","tweet-2023615828332249099","gumaling lg ak sa sakit k (sipon) na nanghihigop ng energy, maglalakwatya talaga ak like gagala ng bonggang-bongga!"
"Tue Feb 17 04:21:07 +0000 2026","tweet-2023613658211983756","pagod na pagod na ako hindi matapos tapos 'tong issue na 'to"
"Tue Feb 17 04:03:01 +0000 2026","tweet-2023609102686208042","pagod na pagod na ko sa travel na to umuwi na tayo!! 😭😭"
"Tue Feb 17 03:59:31 +0000 2026","tweet-2023608222113034481","hirap naman kapag hina ng resistensya, isang linggo nanaman tong sipon na 'to"
"Tue Feb 17 03:58:21 +0000 2026","tweet-2023607929522581661","@olivjahh Hahahha. Nabuhay talaga dugl ko eh, kahit pagod na pagod ako niyan. 🤣"
"Tue Feb 17 03:43:24 +0000 2026","tweet-2023604165172474325","Kuhanin mo na ko Lord, wala naman ng may gustong magstay pa ko at magstay pa sakin. Pagod na pagod na ko."
"Tue Feb 17 03:34:41 +0000 2026","tweet-2023601973673742461","Pagod na pagod na ko."
"Tue Feb 17 03:27:13 +0000 2026","tweet-2023600091920298487","sakit ng buonng katawan, sipon, balakang, sinat, init ng mata.. diko na alam.."
"Tue Feb 17 03:16:59 +0000 2026","tweet-2023597516139504124","11 hrs of sleep
Waaaaaaah 
TYL ☺️

Kahit gumising ng may ubo at sipon. Haha"
"Tue Feb 17 03:14:44 +0000 2026","tweet-2023596951699165659","@pepibugi dahil sa sipon niya napamura siya 😭😭🤣"
"Tue Feb 17 03:02:21 +0000 2026","tweet-2023593833196646474","happy birthday self, timing ang lagnat at paos :))"
"Tue Feb 17 02:50:10 +0000 2026","tweet-2023590770612335080","di ko alam gagawin ko. Magma-masteral ba ko ? civil service? pero wala na ko pera. hahanap ba ko ng part time?kaso  pagod na pagod na din ako. Hahahaha yung utak ko gusto na sumabog. putangina sana mabahagian naman ako ng blessings lord 🥲"
"Tue Feb 17 02:35:53 +0000 2026","tweet-2023587174269264153","Meron na naman. Hahahahaa kahit pagod na pagod ako kahapon. Salamaat Mam Lynn of Perene Estancia! Ang saraaap po🤗🫶🏻 https://t.co/1zX9EkHshT"
"Tue Feb 17 02:32:59 +0000 2026","tweet-2023586445768774056","burnout 3d version plus ubo't sipon https://t.co/x5KxgdjnvQ"
"Tue Feb 17 02:31:08 +0000 2026","tweet-2023585980813652317","Pagod na pagod na si miguel umigip ng tubig sa pool inutusan pa ni heath 😆
BBS HEAGEL https://t.co/8bMZ8jC9WO"
"Tue Feb 17 02:22:34 +0000 2026","tweet-2023583825360806080","Ako yung nahihirapan huminga para kay Jaebom 😅"
"Tue Feb 17 02:09:22 +0000 2026","tweet-2023580501454594315","i need to fvcking take my meds religiously kasi buong weekend na nga ako may sakit, bumabalik balik pa lagnat ko hayup talaga"
"Tue Feb 17 01:55:16 +0000 2026","tweet-2023576951915749752","pagod na pagod na ako lord"
"Tue Feb 17 01:40:11 +0000 2026","tweet-2023573157404377352","Amnot the mapamahiin type of person, pero everytime mag iipon ako ng cash sa piggybank, I always get sick. Kahit nung bata pa ko I always try mag ipon sa empty pulbo. Tas after a week may lagnat ako. HAHAHA ngayon naman 2 weeks, kahit ang active ko naman and consistent sa vit. 😢 https://t.co/7Rxcf9UJLN"
"Tue Feb 17 01:32:48 +0000 2026","tweet-2023571299340279925","bakit parang bigat ng katawan ko, sipon na di malala tas mga muscle muscle na medyo masakit 🥺"
"Tue Feb 17 01:10:14 +0000 2026","tweet-2023565618713432430","how do you even fucking get rid of sipon, i feel like i’ve had it since birth tanginah"
"Tue Feb 17 00:55:45 +0000 2026","tweet-2023561973435429123","May sipon ang kumot ko yang pinapagamit ko kay Jhorell"
"Tue Feb 17 00:42:05 +0000 2026","tweet-2023558535494463927","@pattysotelo724 Pagod na pagod lalamunan ko ahahah"
"Tue Feb 17 00:35:24 +0000 2026","tweet-2023556852915859672","pati pag katao ko pagod na pagod na"
"Mon Feb 16 23:40:21 +0000 2026","tweet-2023543001264648681","naawa na ako sa mga staff ng got7. pagod na pagod sa sobrang likot  nila.😂😂😭💚

#GOT7 #갓세븐 @GOT7 @GOT7Official"
"Mon Feb 16 23:04:35 +0000 2026","tweet-2023533997272510857","tinatalban din naman pala ng lagnat"
"Mon Feb 16 22:46:32 +0000 2026","tweet-2023529455101366424","Palitan nyo na si Caramel na favorite ko please. Pagod na pagod na si Caramel ko. Im excited!!!!!!!!!!!"
"Mon Feb 16 22:29:02 +0000 2026","tweet-2023525053938479564","Kayanaman ako ang nainom si Khalell may sipon"
"Mon Feb 16 22:00:14 +0000 2026","tweet-2023517804457349252","Pagod na pagod na si Orm kakasayaw 😭😂"
"Mon Feb 16 21:53:35 +0000 2026","tweet-2023516132276367692","grabe pagod na pagod pagkatao ko😫"
"Mon Feb 16 21:52:14 +0000 2026","tweet-2023515792411959536","Noong namatay si nanay may ubo at lagnat ang bata"
"Mon Feb 16 21:48:13 +0000 2026","tweet-2023514778975814051","Kapag pagod na pagod talaga buo kong kaluluwa, mas maaga ako nagigising eh. Imbes na makakabawi sa tulog eh."
"Mon Feb 16 21:40:59 +0000 2026","tweet-2023512961940398154","Pagod na pagod ako sayo cy"
"Mon Feb 16 21:26:10 +0000 2026","tweet-2023509232214307022","Pak the shit taas ng lagnat ko"
"Mon Feb 16 19:13:05 +0000 2026","tweet-2023475741464424647","Taena gumising na umaapoy sa lagnat🤒"
"Mon Feb 16 18:10:02 +0000 2026","tweet-2023459872000410069","Pagod na pagod na pagod na"
"Mon Feb 16 18:04:15 +0000 2026","tweet-2023458418779189250","tang ina talagang sipon 'to, nakakasama ng pakiramdam always. 🤧"
"Mon Feb 16 17:50:45 +0000 2026","tweet-2023455020751204839","super sakit ng ulo ko dahil sa sipon aa kainis kasi bakit ako tumutok sa electric fan 😓"
"Mon Feb 16 17:45:56 +0000 2026","tweet-2023453807020294629","🌙🚨 KRYD JAGA JAKARTA | PATROLI CIPKON MALAM
Unit Patroli dipimpin 👮‍♂️ IPTU Henri, S.H. (Pawas)
melaksanakan Patroli Cipkon antisipasi 3C &amp; gangguan kamtibmas
📍 Jl. Irigasi Sipon
⏰ Senin, 16 Februari 2026 | 00.45 WIB
#JagaJakarta
#PatroliCipkon
#PolsekCipondoh
#SamaptaPresisi https://t.co/owwWlKTPWW"
"Mon Feb 16 17:40:56 +0000 2026","tweet-2023452549811237233","salamat. nawala lagnat q nhay"
"Mon Feb 16 17:36:18 +0000 2026","tweet-2023451384356720669","sipon szn fucking helll"
"Mon Feb 16 17:29:33 +0000 2026","tweet-2023449686313697451","tulo sipon ko kakaiyak eh emz"
"Mon Feb 16 17:25:56 +0000 2026","tweet-2023448773612212457","Lord, give me strength po to finish everything. Pagod na pagod na ako. I am still wide awake while my groupmates were probably in their cozy bed, sleeping peacefully. Ang hirap."
